{
    "map_name": "map_003_robot_3",
    "num_segments": 5,
    "segments": [
        {
            "segment_index": 0,
            "start_point": [
                11.115,
                7.26
            ],
            "end_point": [
                6.45,
                7.425
            ],
            "control_points": [
                [
                    11.084999999999999,
                    5.43
                ],
                [
                    11.28,
                    3.6449999999999996
                ],
                [
                    9.6,
                    3.465
                ],
                [
                    9.0,
                    4.4399999999999995
                ],
                [
                    8.399999999999999,
                    6.06
                ],
                [
                    7.739999999999999,
                    7.619999999999999
                ]
            ]
        },
        {
            "segment_index": 1,
            "start_point": [
                6.45,
                7.425
            ],
            "end_point": [
                7.484999999999999,
                3.63
            ],
            "control_points": [
                [
                    5.085,
                    7.17
                ],
                [
                    4.845,
                    5.835
                ],
                [
                    5.22,
                    5.34
                ],
                [
                    5.64,
                    4.8149999999999995
                ],
                [
                    5.9399999999999995,
                    4.484999999999999
                ],
                [
                    6.539999999999999,
                    4.154999999999999
                ]
            ]
        },
        {
            "segment_index": 2,
            "start_point": [
                7.484999999999999,
                3.63
            ],
            "end_point": [
                4.545,
                2.9699999999999998
            ],
            "control_points": [
                [
                    6.93,
                    2.9699999999999998
                ],
                [
                    6.539999999999999,
                    2.5949999999999998
                ],
                [
                    6.1049999999999995,
                    2.19
                ],
                [
                    5.595,
                    1.92
                ],
                [
                    5.04,
                    1.95
                ],
                [
                    4.56,
                    2.235
                ]
            ]
        },
        {
            "segment_index": 3,
            "start_point": [
                4.545,
                2.9699999999999998
            ],
            "end_point": [
                0.72,
                2.46
            ],
            "control_points": [
                [
                    4.215,
                    2.52
                ],
                [
                    3.9149999999999996,
                    1.9799999999999998
                ],
                [
                    3.21,
                    1.7249999999999999
                ],
                [
                    2.2199999999999998,
                    1.275
                ],
                [
                    1.515,
                    1.41
                ],
                [
                    0.8999999999999999,
                    1.7399999999999998
                ]
            ]
        },
        {
            "segment_index": 4,
            "start_point": [
                0.72,
                2.46
            ],
            "end_point": [
                2.5949999999999998,
                11.594999999999999
            ],
            "control_points": [
                [
                    0.9878571428571428,
                    3.7649999999999997
                ],
                [
                    1.2557142857142856,
                    5.069999999999999
                ],
                [
                    1.5235714285714284,
                    6.374999999999999
                ],
                [
                    1.7914285714285711,
                    7.679999999999999
                ],
                [
                    2.059285714285714,
                    8.984999999999998
                ],
                [
                    2.5799999999999996,
                    10.004999999999999
                ]
            ]
        }
    ]
}