{
    "map_name": "map_002_robot_2",
    "num_segments": 5,
    "segments": [
        {
            "segment_index": 0,
            "start_point": [
                10.83,
                0.7949999999999999
            ],
            "end_point": [
                3.9749999999999996,
                3.2849999999999997
            ],
            "control_points": [
                [
                    9.84,
                    1.4549999999999998
                ],
                [
                    8.924999999999999,
                    1.8299999999999998
                ],
                [
                    7.892142857142858,
                    1.8621428571428569
                ],
                [
                    6.72,
                    1.3199999999999998
                ],
                [
                    5.1899999999999995,
                    0.6
                ],
                [
                    4.245,
                    1.9649999999999999
                ]
            ]
        },
        {
            "segment_index": 1,
            "start_point": [
                3.9749999999999996,
                3.2849999999999997
            ],
            "end_point": [
                2.445,
                8.594999999999999
            ],
            "control_points": [
                [
                    3.7564285714285712,
                    4.043571428571428
                ],
                [
                    3.537857142857143,
                    4.802142857142856
                ],
                [
                    3.319285714285714,
                    5.560714285714285
                ],
                [
                    1.3499999999999999,
                    6.239999999999999
                ],
                [
                    0.6449999999999999,
                    6.944999999999999
                ],
                [
                    1.005,
                    8.49
                ]
            ]
        },
        {
            "segment_index": 2,
            "start_point": [
                2.445,
                8.594999999999999
            ],
            "end_point": [
                6.705,
                9.645
            ],
            "control_points": [
                [
                    3.0535714285714284,
                    8.745
                ],
                [
                    3.662142857142857,
                    8.895
                ],
                [
                    4.270714285714286,
                    9.045
                ],
                [
                    5.0249999999999995,
                    8.61
                ],
                [
                    5.85,
                    8.61
                ],
                [
                    6.39,
                    9.045
                ]
            ]
        },
        {
            "segment_index": 3,
            "start_point": [
                6.705,
                9.645
            ],
            "end_point": [
                8.955,
                7.35
            ],
            "control_points": [
                [
                    7.319999999999999,
                    9.614999999999998
                ],
                [
                    7.544999999999999,
                    9.209999999999999
                ],
                [
                    7.6049999999999995,
                    8.655
                ],
                [
                    7.874999999999999,
                    8.174999999999999
                ],
                [
                    8.084999999999999,
                    7.829999999999999
                ],
                [
                    8.535,
                    7.544999999999999
                ]
            ]
        },
        {
            "segment_index": 4,
            "start_point": [
                8.955,
                7.35
            ],
            "end_point": [
                10.905,
                11.445
            ],
            "control_points": [
                [
                    9.674999999999999,
                    7.635
                ],
                [
                    9.944999999999999,
                    8.34
                ],
                [
                    10.02,
                    8.94
                ],
                [
                    10.069285714285714,
                    9.69
                ],
                [
                    9.975,
                    10.545
                ],
                [
                    10.305,
                    11.01
                ]
            ]
        }
    ]
}