{
    "map_name": "map_002_robot_1",
    "num_segments": 5,
    "segments": [
        {
            "segment_index": 0,
            "start_point": [
                3.03,
                11.415
            ],
            "end_point": [
                3.1799999999999997,
                5.955
            ],
            "control_points": [
                [
                    3.63,
                    10.62
                ],
                [
                    4.2749999999999995,
                    9.645
                ],
                [
                    5.0249999999999995,
                    8.7
                ],
                [
                    6.135,
                    8.309999999999999
                ],
                [
                    6.3149999999999995,
                    7.47
                ],
                [
                    6.329999999999999,
                    6.39
                ]
            ]
        },
        {
            "segment_index": 1,
            "start_point": [
                3.1799999999999997,
                5.955
            ],
            "end_point": [
                0.975,
                3.84
            ],
            "control_points": [
                [
                    2.775,
                    5.954999999999999
                ],
                [
                    2.4,
                    5.835
                ],
                [
                    1.0799999999999998,
                    6.18
                ],
                [
                    0.6,
                    5.595
                ],
                [
                    0.57,
                    4.904999999999999
                ],
                [
                    0.6599999999999999,
                    4.425
                ]
            ]
        },
        {
            "segment_index": 2,
            "start_point": [
                0.975,
                3.84
            ],
            "end_point": [
                3.6149999999999998,
                8.7
            ],
            "control_points": [
                [
                    3.3899999999999997,
                    2.445
                ],
                [
                    3.84,
                    4.59
                ],
                [
                    1.9349999999999998,
                    5.97
                ],
                [
                    0.48,
                    7.05
                ],
                [
                    0.9299999999999999,
                    8.445
                ],
                [
                    2.8949999999999996,
                    8.43
                ]
            ]
        },
        {
            "segment_index": 3,
            "start_point": [
                3.6149999999999998,
                8.7
            ],
            "end_point": [
                10.185,
                6.345
            ],
            "control_points": [
                [
                    4.59,
                    8.49
                ],
                [
                    5.43,
                    8.295
                ],
                [
                    6.449999999999999,
                    7.994999999999999
                ],
                [
                    7.484999999999999,
                    7.529999999999999
                ],
                [
                    8.459999999999999,
                    7.364999999999999
                ],
                [
                    9.33,
                    7.079999999999999
                ]
            ]
        },
        {
            "segment_index": 4,
            "start_point": [
                10.185,
                6.345
            ],
            "end_point": [
                10.709999999999999,
                1.5899999999999999
            ],
            "control_points": [
                [
                    10.139999999999999,
                    5.534999999999999
                ],
                [
                    9.524999999999999,
                    4.739999999999999
                ],
                [
                    8.625,
                    4.755
                ],
                [
                    6.645,
                    2.7449999999999997
                ],
                [
                    8.174999999999999,
                    1.9049999999999998
                ],
                [
                    9.84,
                    1.755
                ]
            ]
        }
    ]
}