{
    "map_name": "map_001_robot_1",
    "num_segments": 5,
    "segments": [
        {
            "segment_index": 0,
            "start_point": [
                1.8599999999999999,
                10.094999999999999
            ],
            "end_point": [
                2.82,
                7.185
            ],
            "control_points": [
                [
                    1.3499999999999999,
                    9.719999999999999
                ],
                [
                    1.035,
                    9.389999999999999
                ],
                [
                    0.8099999999999999,
                    9.059999999999999
                ],
                [
                    0.48,
                    8.415
                ],
                [
                    1.155,
                    8.01
                ],
                [
                    2.355,
                    7.529999999999999
                ]
            ]
        },
        {
            "segment_index": 1,
            "start_point": [
                2.82,
                7.185
            ],
            "end_point": [
                2.6399999999999997,
                3.9299999999999997
            ],
            "control_points": [
                [
                    3.7649999999999997,
                    6.734999999999999
                ],
                [
                    4.455,
                    6.404999999999999
                ],
                [
                    4.83,
                    5.43
                ],
                [
                    4.0649999999999995,
                    4.8
                ],
                [
                    3.57,
                    4.515
                ],
                [
                    3.0749999999999997,
                    4.245
                ]
            ]
        },
        {
            "segment_index": 2,
            "start_point": [
                2.6399999999999997,
                3.9299999999999997
            ],
            "end_point": [
                8.67,
                4.4399999999999995
            ],
            "control_points": [
                [
                    2.415,
                    2.9549999999999996
                ],
                [
                    4.245,
                    3.0
                ],
                [
                    5.46,
                    3.1799999999999997
                ],
                [
                    6.359999999999999,
                    3.4499999999999997
                ],
                [
                    7.109999999999999,
                    4.08
                ],
                [
                    7.904999999999999,
                    4.29
                ]
            ]
        },
        {
            "segment_index": 3,
            "start_point": [
                8.67,
                4.4399999999999995
            ],
            "end_point": [
                7.68,
                8.219999999999999
            ],
            "control_points": [
                [
                    9.045,
                    5.685
                ],
                [
                    9.899999999999999,
                    7.425
                ],
                [
                    9.795,
                    8.01
                ],
                [
                    9.209999999999999,
                    8.79
                ],
                [
                    8.67,
                    8.7
                ],
                [
                    8.024999999999999,
                    8.415
                ]
            ]
        },
        {
            "segment_index": 4,
            "start_point": [
                7.68,
                8.219999999999999
            ],
            "end_point": [
                8.549999999999999,
                2.415
            ],
            "control_points": [
                [
                    6.449999999999999,
                    7.395
                ],
                [
                    6.795,
                    6.18
                ],
                [
                    6.84,
                    5.505
                ],
                [
                    6.885,
                    4.62
                ],
                [
                    6.675,
                    3.57
                ],
                [
                    7.02,
                    2.085
                ]
            ]
        }
    ]
}