{
    "map_name": "map_002_robot_4",
    "num_segments": 5,
    "segments": [
        {
            "segment_index": 0,
            "start_point": [
                8.73,
                4.17
            ],
            "end_point": [
                4.02,
                4.6499999999999995
            ],
            "control_points": [
                [
                    8.04,
                    4.38
                ],
                [
                    7.619999999999999,
                    4.77
                ],
                [
                    6.885,
                    5.25
                ],
                [
                    6.164999999999999,
                    6.194999999999999
                ],
                [
                    4.635,
                    6.885
                ],
                [
                    4.56,
                    5.0249999999999995
                ]
            ]
        },
        {
            "segment_index": 1,
            "start_point": [
                4.02,
                4.6499999999999995
            ],
            "end_point": [
                4.59,
                8.504999999999999
            ],
            "control_points": [
                [
                    3.195,
                    4.965
                ],
                [
                    2.415,
                    5.76
                ],
                [
                    1.4849999999999999,
                    6.3149999999999995
                ],
                [
                    0.7649999999999999,
                    7.02
                ],
                [
                    0.7649999999999999,
                    8.145
                ],
                [
                    3.15,
                    8.385
                ]
            ]
        },
        {
            "segment_index": 2,
            "start_point": [
                4.59,
                8.504999999999999
            ],
            "end_point": [
                8.85,
                1.95
            ],
            "control_points": [
                [
                    6.194999999999999,
                    8.115
                ],
                [
                    6.27,
                    7.124999999999999
                ],
                [
                    6.4157142857142855,
                    5.695714285714285
                ],
                [
                    6.675,
                    4.71
                ],
                [
                    7.124999999999999,
                    3.42
                ],
                [
                    7.185,
                    2.0999999999999996
                ]
            ]
        },
        {
            "segment_index": 3,
            "start_point": [
                8.85,
                1.95
            ],
            "end_point": [
                3.75,
                1.05
            ],
            "control_points": [
                [
                    8.121428571428572,
                    1.8214285714285714
                ],
                [
                    7.364999999999999,
                    1.515
                ],
                [
                    6.81,
                    1.2149999999999999
                ],
                [
                    5.9399999999999995,
                    1.005
                ],
                [
                    5.22,
                    0.855
                ],
                [
                    4.478571428571429,
                    1.1785714285714286
                ]
            ]
        },
        {
            "segment_index": 4,
            "start_point": [
                3.75,
                1.05
            ],
            "end_point": [
                1.47,
                3.2399999999999998
            ],
            "control_points": [
                [
                    3.4242857142857144,
                    1.3628571428571428
                ],
                [
                    3.0985714285714288,
                    1.6757142857142857
                ],
                [
                    2.7728571428571427,
                    1.9885714285714284
                ],
                [
                    2.447142857142857,
                    2.301428571428571
                ],
                [
                    2.1214285714285714,
                    2.614285714285714
                ],
                [
                    1.7957142857142856,
                    2.9271428571428566
                ]
            ]
        }
    ]
}