{
    "map_name": "map_004_robot_2",
    "num_segments": 1,
    "segments": [
        {
            "segment_index": 0,
            "start_point": [
                5.925,
                3.465
            ],
            "end_point": [
                5.58,
                9.959999999999999
            ],
            "control_points": [
                [
                    5.8757142857142854,
                    4.392857142857142
                ],
                [
                    5.826428571428571,
                    5.320714285714285
                ],
                [
                    5.777142857142857,
                    6.248571428571427
                ],
                [
                    5.727857142857143,
                    7.176428571428571
                ],
                [
                    5.678571428571429,
                    8.104285714285712
                ],
                [
                    5.6292857142857144,
                    9.032142857142855
                ]
            ]
        }
    ]
}