{
    "map_name": "map_001_robot_2",
    "num_segments": 4,
    "segments": [
        {
            "segment_index": 0,
            "start_point": [
                0.84,
                4.575
            ],
            "end_point": [
                7.095,
                4.995
            ],
            "control_points": [
                [
                    1.7335714285714285,
                    4.635
                ],
                [
                    2.627142857142857,
                    4.695
                ],
                [
                    3.5207142857142855,
                    4.755
                ],
                [
                    4.484999999999999,
                    3.8249999999999997
                ],
                [
                    5.3549999999999995,
                    3.255
                ],
                [
                    6.989999999999999,
                    3.4349999999999996
                ]
            ]
        },
        {
            "segment_index": 1,
            "start_point": [
                7.095,
                4.995
            ],
            "end_point": [
                9.0,
                8.565
            ],
            "control_points": [
                [
                    7.3671428571428565,
                    5.505
                ],
                [
                    7.845,
                    5.925
                ],
                [
                    8.549999999999999,
                    6.225
                ],
                [
                    9.344999999999999,
                    6.569999999999999
                ],
                [
                    9.944999999999999,
                    7.215
                ],
                [
                    9.479999999999999,
                    8.295
                ]
            ]
        },
        {
            "segment_index": 2,
            "start_point": [
                9.0,
                8.565
            ],
            "end_point": [
                0.69,
                9.33
            ],
            "control_points": [
                [
                    7.812857142857143,
                    8.674285714285714
                ],
                [
                    6.625714285714286,
                    8.783571428571427
                ],
                [
                    5.489999999999999,
                    8.684999999999999
                ],
                [
                    4.455,
                    7.709999999999999
                ],
                [
                    2.6399999999999997,
                    7.725
                ],
                [
                    0.72,
                    7.8
                ]
            ]
        },
        {
            "segment_index": 3,
            "start_point": [
                0.69,
                9.33
            ],
            "end_point": [
                2.9699999999999998,
                9.735
            ],
            "control_points": [
                [
                    1.005,
                    9.645
                ],
                [
                    1.2449999999999999,
                    9.795
                ],
                [
                    1.575,
                    9.885
                ],
                [
                    1.8599999999999999,
                    9.975
                ],
                [
                    2.34,
                    9.944999999999999
                ],
                [
                    2.61,
                    9.989999999999998
                ]
            ]
        }
    ]
}