{
    "map_name": "map_004_robot_1",
    "num_segments": 1,
    "segments": [
        {
            "segment_index": 0,
            "start_point": [
                5.715,
                9.975
            ],
            "end_point": [
                6.045,
                3.4499999999999997
            ],
            "control_points": [
                [
                    5.762142857142857,
                    9.042857142857143
                ],
                [
                    5.809285714285714,
                    8.110714285714286
                ],
                [
                    5.856428571428571,
                    7.178571428571429
                ],
                [
                    5.9035714285714285,
                    6.246428571428571
                ],
                [
                    5.950714285714286,
                    5.314285714285714
                ],
                [
                    5.997857142857143,
                    4.382142857142857
                ]
            ]
        }
    ]
}