{
    "map_name": "map_003_robot_2",
    "num_segments": 5,
    "segments": [
        {
            "segment_index": 0,
            "start_point": [
                11.205,
                1.23
            ],
            "end_point": [
                6.165,
                4.635
            ],
            "control_points": [
                [
                    10.155,
                    1.02
                ],
                [
                    9.315,
                    1.92
                ],
                [
                    9.045,
                    2.689285714285714
                ],
                [
                    8.504999999999999,
                    3.4349999999999996
                ],
                [
                    7.499999999999999,
                    3.735
                ],
                [
                    6.555,
                    3.885
                ]
            ]
        },
        {
            "segment_index": 1,
            "start_point": [
                6.165,
                4.635
            ],
            "end_point": [
                7.02,
                9.33
            ],
            "control_points": [
                [
                    5.5649999999999995,
                    5.205
                ],
                [
                    4.725,
                    5.97
                ],
                [
                    5.114999999999999,
                    7.0649999999999995
                ],
                [
                    6.135,
                    7.515
                ],
                [
                    6.539999999999999,
                    7.9799999999999995
                ],
                [
                    7.079999999999999,
                    8.7
                ]
            ]
        },
        {
            "segment_index": 2,
            "start_point": [
                7.02,
                9.33
            ],
            "end_point": [
                3.465,
                11.639999999999999
            ],
            "control_points": [
                [
                    6.6,
                    9.989999999999998
                ],
                [
                    6.045,
                    10.245
                ],
                [
                    5.579999999999999,
                    10.649999999999999
                ],
                [
                    4.965,
                    10.979999999999999
                ],
                [
                    4.480714285714286,
                    10.979999999999999
                ],
                [
                    3.972857142857143,
                    11.309999999999999
                ]
            ]
        },
        {
            "segment_index": 3,
            "start_point": [
                3.465,
                11.639999999999999
            ],
            "end_point": [
                1.89,
                5.67
            ],
            "control_points": [
                [
                    2.5349999999999997,
                    11.264999999999999
                ],
                [
                    2.4,
                    10.17
                ],
                [
                    2.835,
                    9.135
                ],
                [
                    2.565,
                    8.228571428571428
                ],
                [
                    2.655,
                    7.319999999999999
                ],
                [
                    2.5349999999999997,
                    6.135
                ]
            ]
        },
        {
            "segment_index": 4,
            "start_point": [
                1.89,
                5.67
            ],
            "end_point": [
                2.025,
                7.845
            ],
            "control_points": [
                [
                    1.335,
                    5.9399999999999995
                ],
                [
                    1.2449999999999999,
                    6.359999999999999
                ],
                [
                    1.1099999999999999,
                    6.795
                ],
                [
                    1.095,
                    7.26
                ],
                [
                    1.17,
                    7.619999999999999
                ],
                [
                    1.4849999999999999,
                    7.859999999999999
                ]
            ]
        }
    ]
}