{
    "map_name": "map_003_robot_1",
    "num_segments": 5,
    "segments": [
        {
            "segment_index": 0,
            "start_point": [
                1.98,
                8.64
            ],
            "end_point": [
                5.955,
                4.95
            ],
            "control_points": [
                [
                    0.0,
                    10.17
                ],
                [
                    1.5599999999999998,
                    12.0
                ],
                [
                    4.665,
                    11.055
                ],
                [
                    4.859999999999999,
                    9.299999999999999
                ],
                [
                    4.859999999999999,
                    7.034999999999999
                ],
                [
                    4.89,
                    5.654999999999999
                ]
            ]
        },
        {
            "segment_index": 1,
            "start_point": [
                5.955,
                4.95
            ],
            "end_point": [
                4.83,
                1.875
            ],
            "control_points": [
                [
                    5.97,
                    4.425
                ],
                [
                    5.595,
                    4.095
                ],
                [
                    5.22,
                    3.8699999999999997
                ],
                [
                    4.71,
                    3.5399999999999996
                ],
                [
                    4.545,
                    3.1199999999999997
                ],
                [
                    4.425,
                    2.61
                ]
            ]
        },
        {
            "segment_index": 2,
            "start_point": [
                4.83,
                1.875
            ],
            "end_point": [
                8.775,
                2.82
            ],
            "control_points": [
                [
                    5.324999999999999,
                    1.4849999999999999
                ],
                [
                    5.954999999999999,
                    1.4549999999999998
                ],
                [
                    6.494999999999999,
                    1.5299999999999998
                ],
                [
                    7.484999999999999,
                    1.545
                ],
                [
                    8.34,
                    1.5899999999999999
                ],
                [
                    8.715,
                    2.3249999999999997
                ]
            ]
        },
        {
            "segment_index": 3,
            "start_point": [
                8.775,
                2.82
            ],
            "end_point": [
                10.77,
                10.934999999999999
            ],
            "control_points": [
                [
                    8.94,
                    4.545
                ],
                [
                    8.895,
                    6.404999999999999
                ],
                [
                    8.639999999999999,
                    7.935
                ],
                [
                    8.684999999999999,
                    10.665
                ],
                [
                    9.03,
                    11.28
                ],
                [
                    10.395,
                    11.834999999999999
                ]
            ]
        },
        {
            "segment_index": 4,
            "start_point": [
                10.77,
                10.934999999999999
            ],
            "end_point": [
                10.605,
                1.2149999999999999
            ],
            "control_points": [
                [
                    10.889999999999999,
                    9.524999999999999
                ],
                [
                    11.04,
                    8.055
                ],
                [
                    11.04,
                    7.05
                ],
                [
                    11.114999999999998,
                    5.984999999999999
                ],
                [
                    11.159999999999998,
                    4.199999999999999
                ],
                [
                    11.625,
                    1.17
                ]
            ]
        }
    ]
}