{
    "map_name": "map_002_robot_3",
    "num_segments": 5,
    "segments": [
        {
            "segment_index": 0,
            "start_point": [
                0.69,
                0.735
            ],
            "end_point": [
                5.609999999999999,
                0.6599999999999999
            ],
            "control_points": [
                [
                    1.1849999999999998,
                    0.26999999999999996
                ],
                [
                    1.9799999999999998,
                    0.255
                ],
                [
                    2.7985714285714285,
                    0.7028571428571428
                ],
                [
                    3.5014285714285713,
                    0.6921428571428571
                ],
                [
                    4.204285714285714,
                    0.6814285714285714
                ],
                [
                    4.907142857142857,
                    0.6707142857142856
                ]
            ]
        },
        {
            "segment_index": 1,
            "start_point": [
                5.609999999999999,
                0.6599999999999999
            ],
            "end_point": [
                10.094999999999999,
                4.035
            ],
            "control_points": [
                [
                    6.250714285714285,
                    1.142142857142857
                ],
                [
                    6.891428571428571,
                    1.624285714285714
                ],
                [
                    7.199999999999999,
                    2.28
                ],
                [
                    7.334999999999999,
                    3.3899999999999997
                ],
                [
                    7.8149999999999995,
                    4.109999999999999
                ],
                [
                    9.254999999999999,
                    3.8099999999999996
                ]
            ]
        },
        {
            "segment_index": 2,
            "start_point": [
                10.094999999999999,
                4.035
            ],
            "end_point": [
                4.0649999999999995,
                6.165
            ],
            "control_points": [
                [
                    9.6,
                    5.1
                ],
                [
                    8.52,
                    5.31
                ],
                [
                    7.725,
                    5.369999999999999
                ],
                [
                    6.824999999999999,
                    5.685
                ],
                [
                    6.119999999999999,
                    5.9399999999999995
                ],
                [
                    5.52,
                    6.194999999999999
                ]
            ]
        },
        {
            "segment_index": 3,
            "start_point": [
                4.0649999999999995,
                6.165
            ],
            "end_point": [
                3.195,
                9.0
            ],
            "control_points": [
                [
                    2.88,
                    6.074999999999999
                ],
                [
                    2.085,
                    6.255
                ],
                [
                    0.9899999999999999,
                    6.569999999999999
                ],
                [
                    0.585,
                    7.35
                ],
                [
                    1.2,
                    8.235
                ],
                [
                    2.28,
                    8.52
                ]
            ]
        },
        {
            "segment_index": 4,
            "start_point": [
                3.195,
                9.0
            ],
            "end_point": [
                0.6,
                11.459999999999999
            ],
            "control_points": [
                [
                    3.69,
                    9.825
                ],
                [
                    3.4349999999999996,
                    10.635
                ],
                [
                    3.1199999999999997,
                    11.055
                ],
                [
                    2.7449999999999997,
                    11.459999999999999
                ],
                [
                    2.31,
                    11.594999999999999
                ],
                [
                    1.5299999999999998,
                    11.745
                ]
            ]
        }
    ]
}