{
    "map_name": "map_003_robot_4",
    "num_segments": 5,
    "segments": [
        {
            "segment_index": 0,
            "start_point": [
                11.264999999999999,
                2.955
            ],
            "end_point": [
                8.985,
                6.87
            ],
            "control_points": [
                [
                    10.939285714285713,
                    3.5142857142857142
                ],
                [
                    10.065,
                    3.465
                ],
                [
                    9.45,
                    3.8249999999999997
                ],
                [
                    9.149999999999999,
                    4.545
                ],
                [
                    9.03,
                    5.3549999999999995
                ],
                [
                    8.924999999999999,
                    6.045
                ]
            ]
        },
        {
            "segment_index": 1,
            "start_point": [
                8.985,
                6.87
            ],
            "end_point": [
                6.734999999999999,
                11.52
            ],
            "control_points": [
                [
                    8.663571428571428,
                    7.534285714285714
                ],
                [
                    8.342142857142857,
                    8.198571428571428
                ],
                [
                    8.205,
                    9.014999999999999
                ],
                [
                    8.774999999999999,
                    10.53
                ],
                [
                    8.49,
                    11.399999999999999
                ],
                [
                    7.754999999999999,
                    11.534999999999998
                ]
            ]
        },
        {
            "segment_index": 2,
            "start_point": [
                6.734999999999999,
                11.52
            ],
            "end_point": [
                5.895,
                7.2749999999999995
            ],
            "control_points": [
                [
                    6.0,
                    10.889999999999999
                ],
                [
                    5.654999999999999,
                    10.184999999999999
                ],
                [
                    4.965,
                    9.54
                ],
                [
                    5.085,
                    8.85
                ],
                [
                    5.3549999999999995,
                    8.459999999999999
                ],
                [
                    5.609999999999999,
                    7.784999999999999
                ]
            ]
        },
        {
            "segment_index": 3,
            "start_point": [
                5.895,
                7.2749999999999995
            ],
            "end_point": [
                3.675,
                1.6949999999999998
            ],
            "control_points": [
                [
                    4.92,
                    6.659999999999999
                ],
                [
                    5.205,
                    5.654999999999999
                ],
                [
                    4.9435714285714285,
                    4.883571428571428
                ],
                [
                    4.626428571428571,
                    4.086428571428571
                ],
                [
                    4.4399999999999995,
                    3.2249999999999996
                ],
                [
                    4.17,
                    2.3249999999999997
                ]
            ]
        },
        {
            "segment_index": 4,
            "start_point": [
                3.675,
                1.6949999999999998
            ],
            "end_point": [
                2.6399999999999997,
                8.34
            ],
            "control_points": [
                [
                    2.04,
                    0.945
                ],
                [
                    0.8099999999999999,
                    1.38
                ],
                [
                    1.035,
                    3.105
                ],
                [
                    2.505,
                    4.14
                ],
                [
                    2.76,
                    6.359999999999999
                ],
                [
                    2.787857142857143,
                    7.390714285714285
                ]
            ]
        }
    ]
}