{
    "map_name": "map_003_robot_1",
    "num_segments": 1,
    "segments": [
        {
            "segment_index": 0,
            "start_point": [
                2.07,
                6.225
            ],
            "end_point": [
                9.57,
                6.345
            ],
            "control_points": [
                [
                    3.0749999999999997,
                    6.015
                ],
                [
                    4.05,
                    5.864999999999999
                ],
                [
                    5.159999999999999,
                    5.475
                ],
                [
                    6.555,
                    5.295
                ],
                [
                    7.59,
                    5.97
                ],
                [
                    8.684999999999999,
                    6.119999999999999
                ]
            ]
        }
    ]
}