{
    "map_name": "map_002_robot_1",
    "num_segments": 2,
    "segments": [
        {
            "segment_index": 0,
            "start_point": [
                4.6049999999999995,
                0.63
            ],
            "end_point": [
                7.92,
                9.18
            ],
            "control_points": [
                [
                    6.284999999999999,
                    0.13499999999999998
                ],
                [
                    5.7749999999999995,
                    3.6449999999999996
                ],
                [
                    5.52,
                    5.295
                ],
                [
                    4.8,
                    7.35
                ],
                [
                    7.034999999999999,
                    8.055
                ],
                [
                    6.885,
                    11.444999999999999
                ]
            ]
        },
        {
            "segment_index": 1,
            "start_point": [
                7.92,
                9.18
            ],
            "end_point": [
                10.11,
                3.3
            ],
            "control_points": [
                [
                    9.555,
                    11.399999999999999
                ],
                [
                    9.315,
                    8.024999999999999
                ],
                [
                    10.17,
                    7.109999999999999
                ],
                [
                    10.215,
                    5.67
                ],
                [
                    8.549999999999999,
                    5.295
                ],
                [
                    8.565,
                    2.94
                ]
            ]
        }
    ]
}