{
    "map_name": "env_map_config_012",
    "num_segments": 5,
    "segments": [
        {
            "segment_index": 0,
            "start_point": [
                2.9099999999999997,
                4.53
            ],
            "end_point": [
                4.38,
                6.585
            ],
            "control_points": [
                [
                    1.8749999999999998,
                    5.415
                ],
                [
                    1.26,
                    6.3149999999999995
                ],
                [
                    1.4549999999999998,
                    7.0649999999999995
                ],
                [
                    2.3249999999999997,
                    7.185
                ],
                [
                    2.985,
                    7.199999999999999
                ],
                [
                    3.735,
                    7.0649999999999995
                ]
            ]
        },
        {
            "segment_index": 1,
            "start_point": [
                4.38,
                6.585
            ],
            "end_point": [
                6.12,
                10.424999999999999
            ],
            "control_points": [
                [
                    5.7299999999999995,
                    6.5249999999999995
                ],
                [
                    6.6899999999999995,
                    6.795
                ],
                [
                    6.6,
                    7.68
                ],
                [
                    6.42,
                    8.79
                ],
                [
                    6.3149999999999995,
                    9.299999999999999
                ],
                [
                    6.21,
                    9.78
                ]
            ]
        },
        {
            "segment_index": 2,
            "start_point": [
                6.12,
                10.424999999999999
            ],
            "end_point": [
                8.76,
                8.19
            ],
            "control_points": [
                [
                    6.6,
                    10.2
                ],
                [
                    6.914999999999999,
                    9.93
                ],
                [
                    7.305,
                    9.66
                ],
                [
                    7.68,
                    9.36
                ],
                [
                    8.1,
                    9.03
                ],
                [
                    8.52,
                    8.67
                ]
            ]
        },
        {
            "segment_index": 3,
            "start_point": [
                8.76,
                8.19
            ],
            "end_point": [
                7.26,
                5.234999999999999
            ],
            "control_points": [
                [
                    7.59,
                    9.975
                ],
                [
                    7.364999999999999,
                    7.395
                ],
                [
                    7.4399999999999995,
                    8.084999999999999
                ],
                [
                    7.305,
                    6.779999999999999
                ],
                [
                    7.199999999999999,
                    6.39
                ],
                [
                    7.124999999999999,
                    5.925
                ]
            ]
        },
        {
            "segment_index": 4,
            "start_point": [
                7.26,
                5.234999999999999
            ],
            "end_point": [
                3.1799999999999997,
                4.14
            ],
            "control_points": [
                [
                    6.614999999999999,
                    5.205
                ],
                [
                    6.119999999999999,
                    4.89
                ],
                [
                    5.97,
                    4.005
                ],
                [
                    5.1899999999999995,
                    3.255
                ],
                [
                    4.109999999999999,
                    3.675
                ],
                [
                    3.7049999999999996,
                    3.885
                ]
            ]
        }
    ]
}