{
    "map_name": "env_map_config_030",
    "num_segments": 5,
    "segments": [
        {
            "segment_index": 0,
            "start_point": [
                1.38,
                10.469999999999999
            ],
            "end_point": [
                8.82,
                11.504999999999999
            ],
            "control_points": [
                [
                    1.3499999999999999,
                    8.625
                ],
                [
                    2.52,
                    8.37
                ],
                [
                    3.5399999999999996,
                    8.16
                ],
                [
                    6.539999999999999,
                    8.084999999999999
                ],
                [
                    7.17,
                    9.225
                ],
                [
                    7.935,
                    10.649999999999999
                ]
            ]
        },
        {
            "segment_index": 1,
            "start_point": [
                8.82,
                11.504999999999999
            ],
            "end_point": [
                9.825,
                3.09
            ],
            "control_points": [
                [
                    8.963571428571429,
                    10.302857142857142
                ],
                [
                    9.107142857142858,
                    9.100714285714286
                ],
                [
                    9.250714285714286,
                    7.898571428571428
                ],
                [
                    10.29,
                    6.225
                ],
                [
                    10.905,
                    5.295
                ],
                [
                    11.834999999999999,
                    2.94
                ]
            ]
        },
        {
            "segment_index": 2,
            "start_point": [
                9.825,
                3.09
            ],
            "end_point": [
                3.4949999999999997,
                3.2849999999999997
            ],
            "control_points": [
                [
                    10.215,
                    0.43499999999999994
                ],
                [
                    7.9799999999999995,
                    1.44
                ],
                [
                    6.765,
                    2.175
                ],
                [
                    5.864999999999999,
                    2.655
                ],
                [
                    5.04,
                    2.8649999999999998
                ],
                [
                    4.395,
                    3.03
                ]
            ]
        },
        {
            "segment_index": 3,
            "start_point": [
                3.4949999999999997,
                3.2849999999999997
            ],
            "end_point": [
                5.505,
                7.29
            ],
            "control_points": [
                [
                    5.13,
                    3.465
                ],
                [
                    6.1049999999999995,
                    4.38
                ],
                [
                    6.989999999999999,
                    5.04
                ],
                [
                    7.454999999999999,
                    5.609999999999999
                ],
                [
                    8.49,
                    6.585
                ],
                [
                    7.754999999999999,
                    7.454999999999999
                ]
            ]
        },
        {
            "segment_index": 4,
            "start_point": [
                5.505,
                7.29
            ],
            "end_point": [
                3.525,
                10.424999999999999
            ],
            "control_points": [
                [
                    5.222142857142857,
                    7.737857142857143
                ],
                [
                    4.939285714285714,
                    8.185714285714285
                ],
                [
                    4.845,
                    8.85
                ],
                [
                    5.01,
                    9.315
                ],
                [
                    5.175,
                    9.915
                ],
                [
                    4.455,
                    10.62
                ]
            ]
        }
    ]
}