{
    "map_name": "env_map_config_034",
    "num_segments": 2,
    "segments": [
        {
            "segment_index": 0,
            "start_point": [
                8.82,
                2.475
            ],
            "end_point": [
                2.67,
                8.985
            ],
            "control_points": [
                [
                    5.31,
                    2.385
                ],
                [
                    0.7949999999999999,
                    3.315
                ],
                [
                    9.075,
                    5.97
                ],
                [
                    6.255,
                    7.034999999999999
                ],
                [
                    4.845,
                    8.024999999999999
                ],
                [
                    3.7199999999999998,
                    8.28
                ]
            ]
        },
        {
            "segment_index": 1,
            "start_point": [
                2.67,
                8.985
            ],
            "end_point": [
                2.82,
                5.415
            ],
            "control_points": [
                [
                    3.3899999999999997,
                    8.535
                ],
                [
                    4.8,
                    7.994999999999999
                ],
                [
                    5.7299999999999995,
                    7.305
                ],
                [
                    7.26,
                    6.869999999999999
                ],
                [
                    8.205,
                    5.5649999999999995
                ],
                [
                    4.8149999999999995,
                    5.43
                ]
            ]
        }
    ]
}