{
    "map_name": "env_map_config_024",
    "num_segments": 4,
    "segments": [
        {
            "segment_index": 0,
            "start_point": [
                1.785,
                6.375
            ],
            "end_point": [
                7.08,
                7.755
            ],
            "control_points": [
                [
                    1.7999999999999998,
                    7.56
                ],
                [
                    1.845,
                    9.719999999999999
                ],
                [
                    1.9349999999999998,
                    11.114999999999998
                ],
                [
                    4.035,
                    9.809999999999999
                ],
                [
                    4.68,
                    8.895
                ],
                [
                    5.895,
                    7.949999999999999
                ]
            ]
        },
        {
            "segment_index": 1,
            "start_point": [
                7.08,
                7.755
            ],
            "end_point": [
                7.364999999999999,
                5.7
            ],
            "control_points": [
                [
                    8.67,
                    7.949999999999999
                ],
                [
                    10.049999999999999,
                    7.409999999999999
                ],
                [
                    9.795,
                    4.455
                ],
                [
                    9.795,
                    2.3249999999999997
                ],
                [
                    8.174999999999999,
                    1.2149999999999999
                ],
                [
                    7.6049999999999995,
                    4.904999999999999
                ]
            ]
        },
        {
            "segment_index": 2,
            "start_point": [
                7.364999999999999,
                5.7
            ],
            "end_point": [
                1.68,
                0.945
            ],
            "control_points": [
                [
                    6.435,
                    5.265
                ],
                [
                    5.579999999999999,
                    4.994999999999999
                ],
                [
                    4.89,
                    4.784999999999999
                ],
                [
                    3.405,
                    4.62
                ],
                [
                    2.8499999999999996,
                    2.9699999999999998
                ],
                [
                    2.415,
                    2.13
                ]
            ]
        },
        {
            "segment_index": 3,
            "start_point": [
                1.68,
                0.945
            ],
            "end_point": [
                1.77,
                5.7749999999999995
            ],
            "control_points": [
                [
                    1.6928571428571428,
                    1.6349999999999998
                ],
                [
                    1.7057142857142857,
                    2.3249999999999997
                ],
                [
                    1.7185714285714286,
                    3.0149999999999992
                ],
                [
                    1.7314285714285713,
                    3.704999999999999
                ],
                [
                    1.7442857142857142,
                    4.394999999999999
                ],
                [
                    1.7571428571428571,
                    5.084999999999999
                ]
            ]
        }
    ]
}