{
    "map_name": "env_map_config_034",
    "num_segments": 2,
    "segments": [
        {
            "segment_index": 0,
            "start_point": [
                8.82,
                2.475
            ],
            "end_point": [
                2.67,
                8.985
            ],
            "control_points": [
                [
                    7.484999999999999,
                    2.76
                ],
                [
                    3.36,
                    1.9049999999999998
                ],
                [
                    2.9699999999999998,
                    4.574999999999999
                ],
                [
                    9.66,
                    5.835
                ],
                [
                    5.7749999999999995,
                    7.484999999999999
                ],
                [
                    4.08,
                    8.04
                ]
            ]
        },
        {
            "segment_index": 1,
            "start_point": [
                2.67,
                8.985
            ],
            "end_point": [
                2.82,
                5.415
            ],
            "control_points": [
                [
                    3.5999999999999996,
                    8.445
                ],
                [
                    4.125,
                    8.024999999999999
                ],
                [
                    7.754999999999999,
                    6.645
                ],
                [
                    7.484999999999999,
                    6.659999999999999
                ],
                [
                    7.754999999999999,
                    5.13
                ],
                [
                    4.035,
                    5.444999999999999
                ]
            ]
        }
    ]
}