{
    "map_name": "env_map_config_029",
    "num_segments": 5,
    "segments": [
        {
            "segment_index": 0,
            "start_point": [
                0.885,
                1.515
            ],
            "end_point": [
                5.37,
                5.49
            ],
            "control_points": [
                [
                    1.71,
                    1.845
                ],
                [
                    2.52,
                    2.385
                ],
                [
                    3.3299999999999996,
                    3.135
                ],
                [
                    3.57,
                    4.4399999999999995
                ],
                [
                    3.9299999999999997,
                    5.31
                ],
                [
                    4.545,
                    5.7299999999999995
                ]
            ]
        },
        {
            "segment_index": 1,
            "start_point": [
                5.37,
                5.49
            ],
            "end_point": [
                5.444999999999999,
                9.629999999999999
            ],
            "control_points": [
                [
                    4.875,
                    6.06
                ],
                [
                    4.845,
                    7.215
                ],
                [
                    4.8149999999999995,
                    7.994999999999999
                ],
                [
                    4.83,
                    8.594999999999999
                ],
                [
                    4.859999999999999,
                    9.149999999999999
                ],
                [
                    5.085,
                    9.495
                ]
            ]
        },
        {
            "segment_index": 2,
            "start_point": [
                5.444999999999999,
                9.629999999999999
            ],
            "end_point": [
                10.215,
                4.125
            ],
            "control_points": [
                [
                    7.199999999999999,
                    9.6
                ],
                [
                    8.445,
                    9.569999999999999
                ],
                [
                    8.79,
                    8.28
                ],
                [
                    8.7,
                    6.93
                ],
                [
                    8.549999999999999,
                    5.579999999999999
                ],
                [
                    8.639999999999999,
                    3.735
                ]
            ]
        },
        {
            "segment_index": 3,
            "start_point": [
                10.215,
                4.125
            ],
            "end_point": [
                8.16,
                1.7999999999999998
            ],
            "control_points": [
                [
                    9.629999999999999,
                    4.005
                ],
                [
                    9.24,
                    4.05
                ],
                [
                    8.594999999999999,
                    4.14
                ],
                [
                    8.354999999999999,
                    4.6049999999999995
                ],
                [
                    6.749999999999999,
                    4.185
                ],
                [
                    7.17,
                    2.4749999999999996
                ]
            ]
        },
        {
            "segment_index": 4,
            "start_point": [
                8.16,
                1.7999999999999998
            ],
            "end_point": [
                10.665,
                0.87
            ],
            "control_points": [
                [
                    8.235,
                    1.515
                ],
                [
                    8.49,
                    1.2149999999999999
                ],
                [
                    8.985,
                    0.855
                ],
                [
                    9.54,
                    0.69
                ],
                [
                    10.125,
                    0.6749999999999999
                ],
                [
                    10.424999999999999,
                    0.75
                ]
            ]
        }
    ]
}