{
    "map_name": "env_map_config_032",
    "num_segments": 5,
    "segments": [
        {
            "segment_index": 0,
            "start_point": [
                2.2199999999999998,
                2.025
            ],
            "end_point": [
                4.095,
                9.389999999999999
            ],
            "control_points": [
                [
                    1.155,
                    3.21
                ],
                [
                    2.385,
                    3.9149999999999996
                ],
                [
                    2.8499999999999996,
                    5.279999999999999
                ],
                [
                    3.135,
                    6.225
                ],
                [
                    3.105,
                    7.319999999999999
                ],
                [
                    2.925,
                    9.495
                ]
            ]
        },
        {
            "segment_index": 1,
            "start_point": [
                4.095,
                9.389999999999999
            ],
            "end_point": [
                10.11,
                9.165
            ],
            "control_points": [
                [
                    4.954285714285714,
                    9.357857142857142
                ],
                [
                    5.813571428571429,
                    9.325714285714284
                ],
                [
                    6.614999999999999,
                    9.495
                ],
                [
                    7.395,
                    9.584999999999999
                ],
                [
                    9.0,
                    10.35
                ],
                [
                    10.319999999999999,
                    9.989999999999998
                ]
            ]
        },
        {
            "segment_index": 2,
            "start_point": [
                10.11,
                9.165
            ],
            "end_point": [
                5.595,
                8.025
            ],
            "control_points": [
                [
                    10.02,
                    8.445
                ],
                [
                    9.045,
                    8.04
                ],
                [
                    8.28,
                    8.865
                ],
                [
                    7.529999999999999,
                    9.24
                ],
                [
                    6.659999999999999,
                    9.075
                ],
                [
                    5.715,
                    9.135
                ]
            ]
        },
        {
            "segment_index": 3,
            "start_point": [
                5.595,
                8.025
            ],
            "end_point": [
                7.4399999999999995,
                2.445
            ],
            "control_points": [
                [
                    5.64,
                    7.409999999999999
                ],
                [
                    5.805,
                    6.42
                ],
                [
                    5.9399999999999995,
                    5.864999999999999
                ],
                [
                    6.0,
                    4.83
                ],
                [
                    5.925,
                    3.6449999999999996
                ],
                [
                    6.045,
                    2.0999999999999996
                ]
            ]
        },
        {
            "segment_index": 4,
            "start_point": [
                7.4399999999999995,
                2.445
            ],
            "end_point": [
                4.77,
                1.2
            ],
            "control_points": [
                [
                    7.058571428571428,
                    2.267142857142857
                ],
                [
                    6.42,
                    2.31
                ],
                [
                    6.3149999999999995,
                    2.565
                ],
                [
                    5.954999999999999,
                    2.505
                ],
                [
                    5.369999999999999,
                    2.6399999999999997
                ],
                [
                    4.56,
                    2.52
                ]
            ]
        }
    ]
}