{
    "map_name": "env_map_config_034",
    "num_segments": 5,
    "segments": [
        {
            "segment_index": 0,
            "start_point": [
                3.105,
                0.75
            ],
            "end_point": [
                8.64,
                8.1
            ],
            "control_points": [
                [
                    4.83,
                    0.045
                ],
                [
                    5.31,
                    2.55
                ],
                [
                    6.119999999999999,
                    3.885
                ],
                [
                    6.539999999999999,
                    4.845
                ],
                [
                    7.058571428571428,
                    5.999999999999999
                ],
                [
                    7.849285714285713,
                    7.049999999999999
                ]
            ]
        },
        {
            "segment_index": 1,
            "start_point": [
                8.64,
                8.1
            ],
            "end_point": [
                1.575,
                11.129999999999999
            ],
            "control_points": [
                [
                    7.38,
                    7.4399999999999995
                ],
                [
                    6.51,
                    8.445
                ],
                [
                    5.55,
                    8.94
                ],
                [
                    4.68,
                    9.479999999999999
                ],
                [
                    3.57,
                    9.854999999999999
                ],
                [
                    2.505,
                    10.709999999999999
                ]
            ]
        },
        {
            "segment_index": 2,
            "start_point": [
                1.575,
                11.129999999999999
            ],
            "end_point": [
                0.72,
                2.88
            ],
            "control_points": [
                [
                    2.7899999999999996,
                    9.87
                ],
                [
                    2.775,
                    8.774999999999999
                ],
                [
                    2.445,
                    7.334999999999999
                ],
                [
                    3.09,
                    6.21
                ],
                [
                    3.4949999999999997,
                    4.9799999999999995
                ],
                [
                    3.09,
                    3.3899999999999997
                ]
            ]
        },
        {
            "segment_index": 3,
            "start_point": [
                0.72,
                2.88
            ],
            "end_point": [
                7.6499999999999995,
                3.96
            ],
            "control_points": [
                [
                    1.5599999999999998,
                    0.9299999999999999
                ],
                [
                    2.715,
                    0.5249999999999999
                ],
                [
                    4.62,
                    0.13499999999999998
                ],
                [
                    5.805,
                    2.01
                ],
                [
                    6.18,
                    2.4899999999999998
                ],
                [
                    6.72,
                    3.6149999999999998
                ]
            ]
        },
        {
            "segment_index": 4,
            "start_point": [
                7.6499999999999995,
                3.96
            ],
            "end_point": [
                10.215,
                1.14
            ],
            "control_points": [
                [
                    8.565,
                    3.945
                ],
                [
                    9.075,
                    3.405
                ],
                [
                    9.389999999999999,
                    2.985
                ],
                [
                    9.69,
                    2.5949999999999998
                ],
                [
                    9.975,
                    2.2049999999999996
                ],
                [
                    10.215,
                    1.7399999999999998
                ]
            ]
        }
    ]
}