{
    "map_name": "env_map_config_004",
    "num_segments": 2,
    "segments": [
        {
            "segment_index": 0,
            "start_point": [
                5.7299999999999995,
                4.8
            ],
            "end_point": [
                5.43,
                7.005
            ],
            "control_points": [
                [
                    6.119999999999999,
                    5.1
                ],
                [
                    6.6899999999999995,
                    5.625
                ],
                [
                    7.4399999999999995,
                    6.5249999999999995
                ],
                [
                    8.024999999999999,
                    7.454999999999999
                ],
                [
                    8.205,
                    8.7
                ],
                [
                    5.369999999999999,
                    9.33
                ]
            ]
        },
        {
            "segment_index": 1,
            "start_point": [
                5.43,
                7.005
            ],
            "end_point": [
                3.675,
                4.785
            ],
            "control_points": [
                [
                    5.34,
                    7.635
                ],
                [
                    5.1,
                    8.024999999999999
                ],
                [
                    4.409999999999999,
                    8.19
                ],
                [
                    3.7649999999999997,
                    7.874999999999999
                ],
                [
                    3.525,
                    7.59
                ],
                [
                    2.9099999999999997,
                    6.614999999999999
                ]
            ]
        }
    ]
}