{
    "map_name": "env_map_config_024",
    "num_segments": 4,
    "segments": [
        {
            "segment_index": 0,
            "start_point": [
                1.785,
                6.375
            ],
            "end_point": [
                7.08,
                7.755
            ],
            "control_points": [
                [
                    1.4849999999999999,
                    8.37
                ],
                [
                    1.68,
                    11.489999999999998
                ],
                [
                    4.0649999999999995,
                    9.854999999999999
                ],
                [
                    4.6049999999999995,
                    8.865
                ],
                [
                    5.609999999999999,
                    8.34
                ],
                [
                    6.284999999999999,
                    7.965
                ]
            ]
        },
        {
            "segment_index": 1,
            "start_point": [
                7.08,
                7.755
            ],
            "end_point": [
                7.364999999999999,
                5.7
            ],
            "control_points": [
                [
                    8.34,
                    7.784999999999999
                ],
                [
                    9.584999999999999,
                    7.8149999999999995
                ],
                [
                    9.809999999999999,
                    5.609999999999999
                ],
                [
                    9.885,
                    1.65
                ],
                [
                    7.68,
                    2.31
                ],
                [
                    8.205,
                    4.125
                ]
            ]
        },
        {
            "segment_index": 2,
            "start_point": [
                7.364999999999999,
                5.7
            ],
            "end_point": [
                1.68,
                0.945
            ],
            "control_points": [
                [
                    6.5528571428571425,
                    5.020714285714286
                ],
                [
                    6.06,
                    4.035
                ],
                [
                    5.3999999999999995,
                    3.0599999999999996
                ],
                [
                    5.0249999999999995,
                    1.68
                ],
                [
                    3.795,
                    1.125
                ],
                [
                    2.235,
                    1.9649999999999999
                ]
            ]
        },
        {
            "segment_index": 3,
            "start_point": [
                1.68,
                0.945
            ],
            "end_point": [
                1.77,
                5.7749999999999995
            ],
            "control_points": [
                [
                    1.6928571428571428,
                    1.6349999999999998
                ],
                [
                    1.7057142857142857,
                    2.3249999999999997
                ],
                [
                    1.7185714285714286,
                    3.0149999999999992
                ],
                [
                    1.7314285714285713,
                    3.704999999999999
                ],
                [
                    1.7442857142857142,
                    4.394999999999999
                ],
                [
                    1.7571428571428571,
                    5.084999999999999
                ]
            ]
        }
    ]
}