{
    "map_name": "env_map_config_034",
    "num_segments": 2,
    "segments": [
        {
            "segment_index": 0,
            "start_point": [
                8.82,
                2.475
            ],
            "end_point": [
                2.67,
                8.985
            ],
            "control_points": [
                [
                    6.255,
                    2.385
                ],
                [
                    3.1199999999999997,
                    2.4299999999999997
                ],
                [
                    2.88,
                    4.005
                ],
                [
                    8.684999999999999,
                    5.835
                ],
                [
                    7.199999999999999,
                    7.364999999999999
                ],
                [
                    4.364999999999999,
                    8.115
                ]
            ]
        },
        {
            "segment_index": 1,
            "start_point": [
                2.67,
                8.985
            ],
            "end_point": [
                2.82,
                5.415
            ],
            "control_points": [
                [
                    3.945,
                    8.459999999999999
                ],
                [
                    4.949999999999999,
                    7.9799999999999995
                ],
                [
                    5.819999999999999,
                    7.59
                ],
                [
                    7.109999999999999,
                    7.244999999999999
                ],
                [
                    9.03,
                    5.265
                ],
                [
                    4.29,
                    5.3999999999999995
                ]
            ]
        }
    ]
}