{
    "map_name": "env_map_config_029",
    "num_segments": 5,
    "segments": [
        {
            "segment_index": 0,
            "start_point": [
                0.885,
                1.515
            ],
            "end_point": [
                5.37,
                5.49
            ],
            "control_points": [
                [
                    1.6349999999999998,
                    2.19
                ],
                [
                    3.2849999999999997,
                    2.505
                ],
                [
                    3.5399999999999996,
                    3.135
                ],
                [
                    3.6149999999999998,
                    4.005
                ],
                [
                    3.51,
                    5.055
                ],
                [
                    4.29,
                    5.925
                ]
            ]
        },
        {
            "segment_index": 1,
            "start_point": [
                5.37,
                5.49
            ],
            "end_point": [
                5.444999999999999,
                9.629999999999999
            ],
            "control_points": [
                [
                    4.26,
                    6.435
                ],
                [
                    4.83,
                    7.124999999999999
                ],
                [
                    4.965,
                    7.784999999999999
                ],
                [
                    4.739999999999999,
                    8.309999999999999
                ],
                [
                    4.71,
                    8.969999999999999
                ],
                [
                    4.92,
                    9.51
                ]
            ]
        },
        {
            "segment_index": 2,
            "start_point": [
                5.444999999999999,
                9.629999999999999
            ],
            "end_point": [
                10.215,
                4.125
            ],
            "control_points": [
                [
                    7.124999999999999,
                    9.795
                ],
                [
                    9.645,
                    9.51
                ],
                [
                    8.354999999999999,
                    7.574999999999999
                ],
                [
                    8.504999999999999,
                    6.4799999999999995
                ],
                [
                    8.264999999999999,
                    4.8
                ],
                [
                    8.729999999999999,
                    3.8099999999999996
                ]
            ]
        },
        {
            "segment_index": 3,
            "start_point": [
                10.215,
                4.125
            ],
            "end_point": [
                8.16,
                1.7999999999999998
            ],
            "control_points": [
                [
                    9.78,
                    3.9899999999999998
                ],
                [
                    9.014999999999999,
                    4.02
                ],
                [
                    8.1,
                    4.35
                ],
                [
                    7.109999999999999,
                    4.574999999999999
                ],
                [
                    6.734999999999999,
                    2.9699999999999998
                ],
                [
                    7.8,
                    2.1599999999999997
                ]
            ]
        },
        {
            "segment_index": 4,
            "start_point": [
                8.16,
                1.7999999999999998
            ],
            "end_point": [
                10.665,
                0.87
            ],
            "control_points": [
                [
                    8.399999999999999,
                    1.26
                ],
                [
                    8.684999999999999,
                    0.7649999999999999
                ],
                [
                    9.09,
                    0.51
                ],
                [
                    9.705,
                    0.5549999999999999
                ],
                [
                    10.065,
                    0.5249999999999999
                ],
                [
                    10.469999999999999,
                    0.615
                ]
            ]
        }
    ]
}