{
    "map_name": "env_map_config_011",
    "num_segments": 2,
    "segments": [
        {
            "segment_index": 0,
            "start_point": [
                4.005,
                3.4499999999999997
            ],
            "end_point": [
                5.055,
                4.965
            ],
            "control_points": [
                [
                    2.4299999999999997,
                    2.985
                ],
                [
                    2.46,
                    5.835
                ],
                [
                    2.61,
                    7.874999999999999
                ],
                [
                    2.775,
                    8.985
                ],
                [
                    3.6149999999999998,
                    9.735
                ],
                [
                    5.1,
                    9.254999999999999
                ]
            ]
        },
        {
            "segment_index": 1,
            "start_point": [
                5.055,
                4.965
            ],
            "end_point": [
                8.94,
                3.69
            ],
            "control_points": [
                [
                    5.55,
                    6.225
                ],
                [
                    7.215,
                    10.83
                ],
                [
                    8.79,
                    10.455
                ],
                [
                    9.18,
                    9.27
                ],
                [
                    9.54,
                    6.734999999999999
                ],
                [
                    9.614999999999998,
                    3.9
                ]
            ]
        }
    ]
}