{
    "map_name": "env_map_config_031",
    "num_segments": 2,
    "segments": [
        {
            "segment_index": 0,
            "start_point": [
                8.174999999999999,
                2.925
            ],
            "end_point": [
                6.075,
                6.285
            ],
            "control_points": [
                [
                    7.185,
                    2.88
                ],
                [
                    6.029999999999999,
                    2.9549999999999996
                ],
                [
                    4.215,
                    3.1199999999999997
                ],
                [
                    3.795,
                    4.245
                ],
                [
                    4.109999999999999,
                    5.055
                ],
                [
                    4.89,
                    5.835
                ]
            ]
        },
        {
            "segment_index": 1,
            "start_point": [
                6.075,
                6.285
            ],
            "end_point": [
                2.835,
                9.99
            ],
            "control_points": [
                [
                    6.885,
                    6.765
                ],
                [
                    7.154999999999999,
                    7.2299999999999995
                ],
                [
                    7.6049999999999995,
                    7.709999999999999
                ],
                [
                    7.544999999999999,
                    9.09
                ],
                [
                    4.0649999999999995,
                    9.24
                ],
                [
                    3.675,
                    9.854999999999999
                ]
            ]
        }
    ]
}