{
    "map_name": "map_010_robot_1",
    "num_segments": 1,
    "segments": [
        {
            "segment_index": 0,
            "start_point": [
                4.109999999999999,
                9.24
            ],
            "end_point": [
                6.8999999999999995,
                5.175
            ],
            "control_points": [
                [
                    4.508571428571428,
                    8.659285714285714
                ],
                [
                    4.907142857142857,
                    8.07857142857143
                ],
                [
                    5.305714285714285,
                    7.497857142857143
                ],
                [
                    5.704285714285714,
                    6.917142857142857
                ],
                [
                    6.102857142857142,
                    6.336428571428572
                ],
                [
                    6.501428571428571,
                    5.755714285714285
                ]
            ]
        }
    ]
}