{
    "map_name": "map_001_robot_1",
    "num_segments": 6,
    "segments": [
        {
            "segment_index": 0,
            "start_point": [
                1.7999999999999998,
                2.52
            ],
            "end_point": [
                3.4949999999999997,
                5.1
            ],
            "control_points": [
                [
                    0.8999999999999999,
                    2.505
                ],
                [
                    1.2,
                    4.319999999999999
                ],
                [
                    1.605,
                    4.6499999999999995
                ],
                [
                    2.01,
                    5.114999999999999
                ],
                [
                    2.4899999999999998,
                    5.31
                ],
                [
                    3.03,
                    5.31
                ]
            ]
        },
        {
            "segment_index": 1,
            "start_point": [
                3.4949999999999997,
                5.1
            ],
            "end_point": [
                6.045,
                7.364999999999999
            ],
            "control_points": [
                [
                    4.125,
                    5.22
                ],
                [
                    4.56,
                    5.34
                ],
                [
                    4.694999999999999,
                    6.0
                ],
                [
                    4.545,
                    6.8549999999999995
                ],
                [
                    4.574999999999999,
                    8.445
                ],
                [
                    5.444999999999999,
                    9.03
                ]
            ]
        },
        {
            "segment_index": 2,
            "start_point": [
                6.045,
                7.364999999999999
            ],
            "end_point": [
                11.084999999999999,
                4.545
            ],
            "control_points": [
                [
                    6.734999999999999,
                    9.42
                ],
                [
                    7.6499999999999995,
                    7.244999999999999
                ],
                [
                    8.25,
                    6.63
                ],
                [
                    8.774999999999999,
                    5.34
                ],
                [
                    9.735,
                    5.34
                ],
                [
                    10.5,
                    5.31
                ]
            ]
        },
        {
            "segment_index": 3,
            "start_point": [
                11.084999999999999,
                4.545
            ],
            "end_point": [
                6.75,
                10.889999999999999
            ],
            "control_points": [
                [
                    11.235,
                    6.72
                ],
                [
                    10.709999999999999,
                    7.2749999999999995
                ],
                [
                    8.58,
                    7.079999999999999
                ],
                [
                    8.04,
                    8.834999999999999
                ],
                [
                    7.9799999999999995,
                    10.41
                ],
                [
                    6.779999999999999,
                    10.17
                ]
            ]
        },
        {
            "segment_index": 4,
            "start_point": [
                6.75,
                10.889999999999999
            ],
            "end_point": [
                0.5549999999999999,
                8.07
            ],
            "control_points": [
                [
                    5.865,
                    10.487142857142857
                ],
                [
                    5.31,
                    9.899999999999999
                ],
                [
                    4.545,
                    8.865
                ],
                [
                    2.7449999999999997,
                    9.12
                ],
                [
                    1.89,
                    9.12
                ],
                [
                    0.38999999999999996,
                    9.18
                ]
            ]
        },
        {
            "segment_index": 5,
            "start_point": [
                0.5549999999999999,
                8.07
            ],
            "end_point": [
                3.405,
                1.9649999999999999
            ],
            "control_points": [
                [
                    0.75,
                    7.034999999999999
                ],
                [
                    1.0799999999999998,
                    6.21
                ],
                [
                    1.2899999999999998,
                    5.415
                ],
                [
                    1.1849999999999998,
                    4.08
                ],
                [
                    1.005,
                    2.0549999999999997
                ],
                [
                    2.385,
                    1.92
                ]
            ]
        }
    ]
}