{
    "map_name": "map_011_robot_1",
    "num_segments": 4,
    "segments": [
        {
            "segment_index": 0,
            "start_point": [
                1.47,
                5.535
            ],
            "end_point": [
                4.35,
                4.56
            ],
            "control_points": [
                [
                    1.6199999999999999,
                    4.71
                ],
                [
                    1.785,
                    3.885
                ],
                [
                    2.0549999999999997,
                    2.6999999999999997
                ],
                [
                    3.2699999999999996,
                    2.28
                ],
                [
                    3.69,
                    3.7049999999999996
                ],
                [
                    4.095,
                    4.154999999999999
                ]
            ]
        },
        {
            "segment_index": 1,
            "start_point": [
                4.35,
                4.56
            ],
            "end_point": [
                6.915,
                11.19
            ],
            "control_points": [
                [
                    7.185,
                    4.59
                ],
                [
                    8.129999999999999,
                    5.159999999999999
                ],
                [
                    8.084999999999999,
                    7.079999999999999
                ],
                [
                    7.8,
                    8.07
                ],
                [
                    7.454999999999999,
                    9.014999999999999
                ],
                [
                    7.2749999999999995,
                    9.959999999999999
                ]
            ]
        },
        {
            "segment_index": 2,
            "start_point": [
                6.915,
                11.19
            ],
            "end_point": [
                6.885,
                0.96
            ],
            "control_points": [
                [
                    7.199999999999999,
                    9.54
                ],
                [
                    7.754999999999999,
                    7.77
                ],
                [
                    7.919999999999999,
                    6.194999999999999
                ],
                [
                    8.115,
                    4.89
                ],
                [
                    8.055,
                    3.8099999999999996
                ],
                [
                    8.1,
                    2.25
                ]
            ]
        },
        {
            "segment_index": 3,
            "start_point": [
                6.885,
                0.96
            ],
            "end_point": [
                10.815,
                5.7
            ],
            "control_points": [
                [
                    7.754999999999999,
                    1.4549999999999998
                ],
                [
                    8.475,
                    1.845
                ],
                [
                    9.254999999999999,
                    1.3949999999999998
                ],
                [
                    10.815,
                    1.1849999999999998
                ],
                [
                    10.83,
                    3.945
                ],
                [
                    10.784999999999998,
                    4.8149999999999995
                ]
            ]
        }
    ]
}