{
    "map_name": "map_002_robot_3",
    "num_segments": 5,
    "segments": [
        {
            "segment_index": 0,
            "start_point": [
                11.025,
                11.61
            ],
            "end_point": [
                4.62,
                7.035
            ],
            "control_points": [
                [
                    10.665,
                    10.319999999999999
                ],
                [
                    9.225,
                    10.049999999999999
                ],
                [
                    8.25,
                    9.33
                ],
                [
                    5.909999999999999,
                    9.885
                ],
                [
                    0.84,
                    9.584999999999999
                ],
                [
                    0.36,
                    7.484999999999999
                ]
            ]
        },
        {
            "segment_index": 1,
            "start_point": [
                4.62,
                7.035
            ],
            "end_point": [
                10.139999999999999,
                2.9699999999999998
            ],
            "control_points": [
                [
                    4.125,
                    4.59
                ],
                [
                    4.455,
                    2.385
                ],
                [
                    5.67,
                    0.63
                ],
                [
                    7.005,
                    3.36
                ],
                [
                    8.415,
                    3.405
                ],
                [
                    9.36,
                    3.2699999999999996
                ]
            ]
        },
        {
            "segment_index": 2,
            "start_point": [
                10.139999999999999,
                2.9699999999999998
            ],
            "end_point": [
                6.39,
                9.615
            ],
            "control_points": [
                [
                    11.444999999999999,
                    3.9899999999999998
                ],
                [
                    11.579999999999998,
                    5.685
                ],
                [
                    10.965,
                    7.02
                ],
                [
                    10.485,
                    8.024999999999999
                ],
                [
                    10.274999999999999,
                    9.584999999999999
                ],
                [
                    7.784999999999999,
                    9.344999999999999
                ]
            ]
        },
        {
            "segment_index": 3,
            "start_point": [
                6.39,
                9.615
            ],
            "end_point": [
                1.29,
                4.635
            ],
            "control_points": [
                [
                    4.694999999999999,
                    9.825
                ],
                [
                    1.9799999999999998,
                    9.6
                ],
                [
                    0.96,
                    9.285
                ],
                [
                    0.6,
                    7.694999999999999
                ],
                [
                    0.26999999999999996,
                    6.284999999999999
                ],
                [
                    0.255,
                    4.5
                ]
            ]
        },
        {
            "segment_index": 4,
            "start_point": [
                1.29,
                4.635
            ],
            "end_point": [
                1.2449999999999999,
                0.99
            ],
            "control_points": [
                [
                    1.02,
                    4.2299999999999995
                ],
                [
                    0.9149999999999999,
                    3.69
                ],
                [
                    0.75,
                    3.2399999999999998
                ],
                [
                    0.6449999999999999,
                    2.76
                ],
                [
                    0.48,
                    2.25
                ],
                [
                    0.69,
                    1.4249999999999998
                ]
            ]
        }
    ]
}