{
    "map_name": "map_001_robot_2",
    "num_segments": 5,
    "segments": [
        {
            "segment_index": 0,
            "start_point": [
                10.29,
                1.9949999999999999
            ],
            "end_point": [
                3.57,
                7.47
            ],
            "control_points": [
                [
                    10.799999999999999,
                    3.2249999999999996
                ],
                [
                    8.37,
                    3.559285714285714
                ],
                [
                    6.914999999999999,
                    3.36
                ],
                [
                    6.45,
                    5.123571428571428
                ],
                [
                    5.13,
                    5.43
                ],
                [
                    4.665,
                    6.944999999999999
                ]
            ]
        },
        {
            "segment_index": 1,
            "start_point": [
                3.57,
                7.47
            ],
            "end_point": [
                10.665,
                8.43
            ],
            "control_points": [
                [
                    4.5,
                    8.264999999999999
                ],
                [
                    5.55,
                    8.459999999999999
                ],
                [
                    6.6,
                    8.549999999999999
                ],
                [
                    8.205,
                    8.655
                ],
                [
                    8.565,
                    9.629999999999999
                ],
                [
                    10.395,
                    9.6
                ]
            ]
        },
        {
            "segment_index": 2,
            "start_point": [
                10.665,
                8.43
            ],
            "end_point": [
                4.8149999999999995,
                3.7199999999999998
            ],
            "control_points": [
                [
                    10.155,
                    7.484999999999999
                ],
                [
                    9.135,
                    6.795
                ],
                [
                    8.157857142857143,
                    6.411428571428571
                ],
                [
                    7.215,
                    5.954999999999999
                ],
                [
                    6.486428571428571,
                    5.065714285714286
                ],
                [
                    5.650714285714286,
                    4.392857142857143
                ]
            ]
        },
        {
            "segment_index": 3,
            "start_point": [
                4.8149999999999995,
                3.7199999999999998
            ],
            "end_point": [
                3.5549999999999997,
                11.07
            ],
            "control_points": [
                [
                    4.755,
                    4.784999999999999
                ],
                [
                    4.665,
                    5.7749999999999995
                ],
                [
                    4.56,
                    6.81
                ],
                [
                    4.335,
                    8.16
                ],
                [
                    4.2749999999999995,
                    9.135
                ],
                [
                    4.35,
                    11.34
                ]
            ]
        },
        {
            "segment_index": 4,
            "start_point": [
                3.5549999999999997,
                11.07
            ],
            "end_point": [
                0.6599999999999999,
                10.725
            ],
            "control_points": [
                [
                    2.985,
                    11.159999999999998
                ],
                [
                    2.76,
                    10.799999999999999
                ],
                [
                    2.7449999999999997,
                    10.5
                ],
                [
                    2.5349999999999997,
                    9.194999999999999
                ],
                [
                    1.4849999999999999,
                    8.955
                ],
                [
                    0.7799999999999999,
                    9.434999999999999
                ]
            ]
        }
    ]
}