{
    "map_name": "map_010_robot_2",
    "num_segments": 1,
    "segments": [
        {
            "segment_index": 0,
            "start_point": [
                5.7749999999999995,
                5.3999999999999995
            ],
            "end_point": [
                5.654999999999999,
                9.105
            ],
            "control_points": [
                [
                    5.757857142857143,
                    5.929285714285713
                ],
                [
                    5.740714285714285,
                    6.458571428571428
                ],
                [
                    5.723571428571428,
                    6.987857142857143
                ],
                [
                    5.706428571428571,
                    7.517142857142857
                ],
                [
                    5.689285714285714,
                    8.04642857142857
                ],
                [
                    5.672142857142856,
                    8.575714285714286
                ]
            ]
        }
    ]
}