{
    "map_name": "map_011_robot_2",
    "num_segments": 4,
    "segments": [
        {
            "segment_index": 0,
            "start_point": [
                10.844999999999999,
                5.37
            ],
            "end_point": [
                8.219999999999999,
                11.415
            ],
            "control_points": [
                [
                    10.469999999999999,
                    6.2335714285714285
                ],
                [
                    10.364999999999998,
                    7.334999999999999
                ],
                [
                    10.2,
                    8.055
                ],
                [
                    9.764999999999999,
                    9.0
                ],
                [
                    8.955,
                    9.674999999999999
                ],
                [
                    8.43,
                    10.319999999999999
                ]
            ]
        },
        {
            "segment_index": 1,
            "start_point": [
                8.219999999999999,
                11.415
            ],
            "end_point": [
                2.0549999999999997,
                2.34
            ],
            "control_points": [
                [
                    8.43,
                    9.6
                ],
                [
                    8.145,
                    8.625
                ],
                [
                    8.52,
                    7.095
                ],
                [
                    7.6049999999999995,
                    4.305
                ],
                [
                    5.34,
                    3.3749999999999996
                ],
                [
                    3.15,
                    2.4749999999999996
                ]
            ]
        },
        {
            "segment_index": 2,
            "start_point": [
                2.0549999999999997,
                2.34
            ],
            "end_point": [
                1.4549999999999998,
                8.205
            ],
            "control_points": [
                [
                    1.7699999999999998,
                    3.045
                ],
                [
                    1.7249999999999999,
                    3.9
                ],
                [
                    1.7978571428571426,
                    4.853571428571428
                ],
                [
                    1.712142857142857,
                    5.691428571428571
                ],
                [
                    1.6264285714285713,
                    6.529285714285714
                ],
                [
                    1.5407142857142855,
                    7.3671428571428565
                ]
            ]
        },
        {
            "segment_index": 3,
            "start_point": [
                1.4549999999999998,
                8.205
            ],
            "end_point": [
                1.4549999999999998,
                5.085
            ],
            "control_points": [
                [
                    1.4549999999999998,
                    7.759285714285714
                ],
                [
                    1.4549999999999998,
                    7.313571428571429
                ],
                [
                    1.4549999999999998,
                    6.867857142857143
                ],
                [
                    1.4549999999999998,
                    6.422142857142857
                ],
                [
                    1.4549999999999998,
                    5.976428571428572
                ],
                [
                    1.4549999999999998,
                    5.530714285714286
                ]
            ]
        }
    ]
}