{
    "map_name": "map_011_robot_3",
    "num_segments": 4,
    "segments": [
        {
            "segment_index": 0,
            "start_point": [
                5.609999999999999,
                0.96
            ],
            "end_point": [
                4.32,
                7.125
            ],
            "control_points": [
                [
                    7.725,
                    1.1099999999999999
                ],
                [
                    7.859999999999999,
                    2.775
                ],
                [
                    8.055,
                    3.9899999999999998
                ],
                [
                    8.325,
                    6.045
                ],
                [
                    7.425,
                    6.959999999999999
                ],
                [
                    5.864999999999999,
                    7.034999999999999
                ]
            ]
        },
        {
            "segment_index": 1,
            "start_point": [
                4.32,
                7.125
            ],
            "end_point": [
                1.4849999999999999,
                6.8549999999999995
            ],
            "control_points": [
                [
                    3.9,
                    8.819999999999999
                ],
                [
                    3.36,
                    9.315
                ],
                [
                    2.775,
                    9.315
                ],
                [
                    2.19,
                    9.18
                ],
                [
                    1.71,
                    8.445
                ],
                [
                    1.4849999999999999,
                    7.635
                ]
            ]
        },
        {
            "segment_index": 2,
            "start_point": [
                1.4849999999999999,
                6.8549999999999995
            ],
            "end_point": [
                7.35,
                10.62
            ],
            "control_points": [
                [
                    1.125,
                    8.52
                ],
                [
                    2.07,
                    9.389999999999999
                ],
                [
                    3.0749999999999997,
                    9.84
                ],
                [
                    4.8149999999999995,
                    9.104999999999999
                ],
                [
                    6.404999999999999,
                    8.985
                ],
                [
                    7.14,
                    9.674999999999999
                ]
            ]
        },
        {
            "segment_index": 3,
            "start_point": [
                7.35,
                10.62
            ],
            "end_point": [
                0.495,
                11.594999999999999
            ],
            "control_points": [
                [
                    6.779999999999999,
                    8.969999999999999
                ],
                [
                    5.324999999999999,
                    8.805
                ],
                [
                    3.9749999999999996,
                    9.989999999999998
                ],
                [
                    3.2399999999999998,
                    10.485
                ],
                [
                    2.3249999999999997,
                    10.184999999999999
                ],
                [
                    0.49499999999999994,
                    9.389999999999999
                ]
            ]
        }
    ]
}