{
    "map_name": "map_001_robot_2",
    "num_segments": 5,
    "segments": [
        {
            "segment_index": 0,
            "start_point": [
                10.65,
                4.14
            ],
            "end_point": [
                7.77,
                4.109999999999999
            ],
            "control_points": [
                [
                    10.424999999999999,
                    4.47
                ],
                [
                    10.004999999999999,
                    4.89
                ],
                [
                    9.705,
                    5.145
                ],
                [
                    9.194999999999999,
                    5.25
                ],
                [
                    8.7,
                    4.935
                ],
                [
                    8.37,
                    4.56
                ]
            ]
        },
        {
            "segment_index": 1,
            "start_point": [
                7.77,
                4.109999999999999
            ],
            "end_point": [
                2.985,
                5.7299999999999995
            ],
            "control_points": [
                [
                    7.35,
                    4.859999999999999
                ],
                [
                    7.005,
                    5.64
                ],
                [
                    6.39,
                    5.789999999999999
                ],
                [
                    5.579999999999999,
                    5.7749999999999995
                ],
                [
                    4.56,
                    5.685
                ],
                [
                    3.84,
                    5.7749999999999995
                ]
            ]
        },
        {
            "segment_index": 2,
            "start_point": [
                2.985,
                5.7299999999999995
            ],
            "end_point": [
                9.315,
                9.51
            ],
            "control_points": [
                [
                    4.199999999999999,
                    5.595
                ],
                [
                    5.295,
                    6.09
                ],
                [
                    5.85,
                    6.944999999999999
                ],
                [
                    6.602142857142857,
                    7.89
                ],
                [
                    7.425,
                    8.61
                ],
                [
                    8.295,
                    9.51
                ]
            ]
        },
        {
            "segment_index": 3,
            "start_point": [
                9.315,
                9.51
            ],
            "end_point": [
                4.71,
                8.865
            ],
            "control_points": [
                [
                    8.684999999999999,
                    9.645
                ],
                [
                    8.055,
                    9.495
                ],
                [
                    7.319999999999999,
                    9.434999999999999
                ],
                [
                    6.683571428571428,
                    9.141428571428571
                ],
                [
                    6.025714285714286,
                    9.049285714285714
                ],
                [
                    5.367857142857143,
                    8.957142857142857
                ]
            ]
        },
        {
            "segment_index": 4,
            "start_point": [
                4.71,
                8.865
            ],
            "end_point": [
                2.025,
                11.565
            ],
            "control_points": [
                [
                    4.326428571428571,
                    9.250714285714286
                ],
                [
                    3.9299999999999997,
                    9.495
                ],
                [
                    3.3299999999999996,
                    9.75
                ],
                [
                    2.9699999999999998,
                    10.125
                ],
                [
                    2.4899999999999998,
                    10.559999999999999
                ],
                [
                    2.408571428571429,
                    11.179285714285713
                ]
            ]
        }
    ]
}