{
    "map_name": "map_002_robot_1",
    "num_segments": 5,
    "segments": [
        {
            "segment_index": 0,
            "start_point": [
                6.614999999999999,
                3.5549999999999997
            ],
            "end_point": [
                0.63,
                1.47
            ],
            "control_points": [
                [
                    7.005,
                    1.4849999999999999
                ],
                [
                    4.83,
                    1.3199999999999998
                ],
                [
                    3.735,
                    2.8649999999999998
                ],
                [
                    3.135,
                    3.1799999999999997
                ],
                [
                    2.25,
                    3.0749999999999997
                ],
                [
                    0.705,
                    3.1799999999999997
                ]
            ]
        },
        {
            "segment_index": 1,
            "start_point": [
                0.63,
                1.47
            ],
            "end_point": [
                6.975,
                6.63
            ],
            "control_points": [
                [
                    1.89,
                    0.49499999999999994
                ],
                [
                    3.3299999999999996,
                    1.4249999999999998
                ],
                [
                    6.6,
                    1.44
                ],
                [
                    6.93,
                    3.7049999999999996
                ],
                [
                    11.924999999999999,
                    3.2849999999999997
                ],
                [
                    12.0,
                    6.675
                ]
            ]
        },
        {
            "segment_index": 2,
            "start_point": [
                6.975,
                6.63
            ],
            "end_point": [
                3.63,
                10.02
            ],
            "control_points": [
                [
                    11.205,
                    7.664999999999999
                ],
                [
                    10.5,
                    9.075
                ],
                [
                    9.075,
                    9.465
                ],
                [
                    7.89,
                    9.42
                ],
                [
                    6.225,
                    9.24
                ],
                [
                    4.4399999999999995,
                    9.524999999999999
                ]
            ]
        },
        {
            "segment_index": 3,
            "start_point": [
                3.63,
                10.02
            ],
            "end_point": [
                7.545,
                11.76
            ],
            "control_points": [
                [
                    4.189285714285714,
                    10.268571428571429
                ],
                [
                    4.875,
                    9.584999999999999
                ],
                [
                    5.9399999999999995,
                    9.705
                ],
                [
                    6.345,
                    10.514999999999999
                ],
                [
                    6.555,
                    10.95
                ],
                [
                    6.985714285714286,
                    11.51142857142857
                ]
            ]
        },
        {
            "segment_index": 4,
            "start_point": [
                7.545,
                11.76
            ],
            "end_point": [
                0.975,
                11.639999999999999
            ],
            "control_points": [
                [
                    6.675,
                    11.489999999999998
                ],
                [
                    6.164999999999999,
                    9.959999999999999
                ],
                [
                    5.31,
                    9.375
                ],
                [
                    3.57,
                    10.635
                ],
                [
                    2.8521428571428578,
                    11.674285714285713
                ],
                [
                    1.9135714285714283,
                    11.657142857142857
                ]
            ]
        }
    ]
}