{
    "map_name": "map_002_robot_2",
    "num_segments": 5,
    "segments": [
        {
            "segment_index": 0,
            "start_point": [
                1.845,
                11.52
            ],
            "end_point": [
                8.475,
                6.915
            ],
            "control_points": [
                [
                    3.195,
                    11.52
                ],
                [
                    3.739285714285714,
                    10.204285714285714
                ],
                [
                    4.686428571428571,
                    9.54642857142857
                ],
                [
                    7.364999999999999,
                    9.465
                ],
                [
                    10.44,
                    9.33
                ],
                [
                    11.28,
                    7.904999999999999
                ]
            ]
        },
        {
            "segment_index": 1,
            "start_point": [
                8.475,
                6.915
            ],
            "end_point": [
                4.215,
                3.96
            ],
            "control_points": [
                [
                    11.399999999999999,
                    6.27
                ],
                [
                    11.565,
                    5.1899999999999995
                ],
                [
                    11.415,
                    3.84
                ],
                [
                    7.619999999999999,
                    3.9749999999999996
                ],
                [
                    6.3149999999999995,
                    1.365
                ],
                [
                    4.68,
                    1.515
                ]
            ]
        },
        {
            "segment_index": 2,
            "start_point": [
                4.215,
                3.96
            ],
            "end_point": [
                0.6749999999999999,
                6.495
            ],
            "control_points": [
                [
                    4.109999999999999,
                    4.6499999999999995
                ],
                [
                    3.9899999999999998,
                    5.385
                ],
                [
                    3.63,
                    6.284999999999999
                ],
                [
                    2.505,
                    6.404999999999999
                ],
                [
                    1.9799999999999998,
                    6.555
                ],
                [
                    1.3199999999999998,
                    6.614999999999999
                ]
            ]
        },
        {
            "segment_index": 3,
            "start_point": [
                0.6749999999999999,
                6.495
            ],
            "end_point": [
                4.38,
                0.44999999999999996
            ],
            "control_points": [
                [
                    2.2649999999999997,
                    6.194999999999999
                ],
                [
                    1.9649999999999999,
                    4.68
                ],
                [
                    2.262857142857143,
                    3.9042857142857144
                ],
                [
                    2.88,
                    3.2699999999999996
                ],
                [
                    3.8249999999999997,
                    2.7899999999999996
                ],
                [
                    4.08,
                    1.5899999999999999
                ]
            ]
        },
        {
            "segment_index": 4,
            "start_point": [
                4.38,
                0.44999999999999996
            ],
            "end_point": [
                10.53,
                1.365
            ],
            "control_points": [
                [
                    5.1,
                    1.755
                ],
                [
                    6.09,
                    1.5
                ],
                [
                    7.015714285714285,
                    0.8421428571428571
                ],
                [
                    7.894285714285713,
                    0.9728571428571428
                ],
                [
                    8.772857142857141,
                    1.1035714285714284
                ],
                [
                    9.651428571428571,
                    1.2342857142857142
                ]
            ]
        }
    ]
}