{
    "map_name": "map_004_robot_1",
    "num_segments": 1,
    "segments": [
        {
            "segment_index": 0,
            "start_point": [
                6.3,
                9.075
            ],
            "end_point": [
                6.255,
                6.27
            ],
            "control_points": [
                [
                    6.293571428571428,
                    8.674285714285714
                ],
                [
                    6.287142857142857,
                    8.273571428571428
                ],
                [
                    6.280714285714286,
                    7.872857142857143
                ],
                [
                    6.274285714285714,
                    7.472142857142857
                ],
                [
                    6.267857142857142,
                    7.071428571428571
                ],
                [
                    6.261428571428572,
                    6.670714285714285
                ]
            ]
        }
    ]
}