{
    "map_name": "map_003_robot_1",
    "num_segments": 4,
    "segments": [
        {
            "segment_index": 0,
            "start_point": [
                0.99,
                11.174999999999999
            ],
            "end_point": [
                2.175,
                5.5649999999999995
            ],
            "control_points": [
                [
                    1.1592857142857143,
                    10.373571428571427
                ],
                [
                    1.3285714285714285,
                    9.572142857142856
                ],
                [
                    1.7999999999999998,
                    8.955
                ],
                [
                    3.255,
                    8.594999999999999
                ],
                [
                    1.95,
                    7.26
                ],
                [
                    2.0057142857142853,
                    6.366428571428571
                ]
            ]
        },
        {
            "segment_index": 1,
            "start_point": [
                2.175,
                5.5649999999999995
            ],
            "end_point": [
                11.205,
                9.315
            ],
            "control_points": [
                [
                    3.7049999999999996,
                    4.635
                ],
                [
                    4.6499999999999995,
                    6.63
                ],
                [
                    4.6499999999999995,
                    8.549999999999999
                ],
                [
                    6.585,
                    7.334999999999999
                ],
                [
                    8.625,
                    8.243571428571428
                ],
                [
                    9.915,
                    8.779285714285713
                ]
            ]
        },
        {
            "segment_index": 2,
            "start_point": [
                11.205,
                9.315
            ],
            "end_point": [
                5.505,
                11.04
            ],
            "control_points": [
                [
                    10.390714285714285,
                    9.561428571428571
                ],
                [
                    10.11,
                    10.979999999999999
                ],
                [
                    8.969999999999999,
                    11.295
                ],
                [
                    8.024999999999999,
                    10.424999999999999
                ],
                [
                    7.133571428571429,
                    10.547142857142855
                ],
                [
                    6.319285714285715,
                    10.793571428571427
                ]
            ]
        },
        {
            "segment_index": 3,
            "start_point": [
                5.505,
                11.04
            ],
            "end_point": [
                9.78,
                5.34
            ],
            "control_points": [
                [
                    6.115714285714286,
                    10.225714285714284
                ],
                [
                    6.09,
                    8.865
                ],
                [
                    7.05,
                    8.43
                ],
                [
                    7.947857142857142,
                    7.782857142857143
                ],
                [
                    8.558571428571428,
                    6.968571428571429
                ],
                [
                    9.169285714285714,
                    6.154285714285714
                ]
            ]
        }
    ]
}