{
    "map_name": "map_004_robot_2",
    "num_segments": 1,
    "segments": [
        {
            "segment_index": 0,
            "start_point": [
                6.21,
                6.27
            ],
            "end_point": [
                6.285,
                9.09
            ],
            "control_points": [
                [
                    6.220714285714286,
                    6.672857142857143
                ],
                [
                    6.231428571428571,
                    7.075714285714286
                ],
                [
                    6.242142857142857,
                    7.478571428571428
                ],
                [
                    6.252857142857143,
                    7.881428571428571
                ],
                [
                    6.263571428571429,
                    8.284285714285714
                ],
                [
                    6.274285714285714,
                    8.687142857142856
                ]
            ]
        }
    ]
}