{
    "map_name": "map_001_robot_3",
    "num_segments": 4,
    "segments": [
        {
            "segment_index": 0,
            "start_point": [
                1.3499999999999999,
                1.305
            ],
            "end_point": [
                1.185,
                10.485
            ],
            "control_points": [
                [
                    1.3264285714285713,
                    2.616428571428571
                ],
                [
                    1.3028571428571427,
                    3.9278571428571425
                ],
                [
                    2.52,
                    5.31
                ],
                [
                    1.8749999999999998,
                    7.2749999999999995
                ],
                [
                    0.7649999999999999,
                    8.354999999999999
                ],
                [
                    0.16499999999999998,
                    9.405
                ]
            ]
        },
        {
            "segment_index": 1,
            "start_point": [
                1.185,
                10.485
            ],
            "end_point": [
                3.15,
                7.484999999999999
            ],
            "control_points": [
                [
                    2.01,
                    10.514999999999999
                ],
                [
                    2.6399999999999997,
                    10.155
                ],
                [
                    2.985,
                    9.825
                ],
                [
                    3.1199999999999997,
                    9.165
                ],
                [
                    3.1799999999999997,
                    8.76
                ],
                [
                    3.15,
                    8.174999999999999
                ]
            ]
        },
        {
            "segment_index": 2,
            "start_point": [
                3.15,
                7.484999999999999
            ],
            "end_point": [
                7.9799999999999995,
                7.515
            ],
            "control_points": [
                [
                    3.9599999999999995,
                    8.58
                ],
                [
                    4.755,
                    8.924999999999999
                ],
                [
                    5.3999999999999995,
                    8.805
                ],
                [
                    5.954999999999999,
                    8.639999999999999
                ],
                [
                    6.435,
                    8.174999999999999
                ],
                [
                    7.109999999999999,
                    7.935
                ]
            ]
        },
        {
            "segment_index": 3,
            "start_point": [
                7.9799999999999995,
                7.515
            ],
            "end_point": [
                11.16,
                9.165
            ],
            "control_points": [
                [
                    8.639999999999999,
                    7.56
                ],
                [
                    9.12,
                    7.77
                ],
                [
                    9.555,
                    7.949999999999999
                ],
                [
                    9.87,
                    8.385
                ],
                [
                    10.251428571428571,
                    8.693571428571428
                ],
                [
                    10.705714285714286,
                    8.929285714285713
                ]
            ]
        }
    ]
}