{
    "map_name": "map_001_robot_1",
    "num_segments": 6,
    "segments": [
        {
            "segment_index": 0,
            "start_point": [
                0.96,
                10.875
            ],
            "end_point": [
                8.31,
                10.08
            ],
            "control_points": [
                [
                    2.01,
                    10.469999999999999
                ],
                [
                    2.82,
                    10.08
                ],
                [
                    4.02,
                    9.78
                ],
                [
                    5.114999999999999,
                    9.645
                ],
                [
                    6.225,
                    9.42
                ],
                [
                    7.395,
                    9.434999999999999
                ]
            ]
        },
        {
            "segment_index": 1,
            "start_point": [
                8.31,
                10.08
            ],
            "end_point": [
                2.085,
                6.5249999999999995
            ],
            "control_points": [
                [
                    7.420714285714286,
                    9.572142857142858
                ],
                [
                    6.531428571428572,
                    9.064285714285715
                ],
                [
                    5.55,
                    8.85
                ],
                [
                    4.4399999999999995,
                    8.625
                ],
                [
                    3.57,
                    8.055
                ],
                [
                    2.974285714285714,
                    7.032857142857143
                ]
            ]
        },
        {
            "segment_index": 2,
            "start_point": [
                2.085,
                6.5249999999999995
            ],
            "end_point": [
                5.805,
                6.5249999999999995
            ],
            "control_points": [
                [
                    2.616428571428571,
                    6.5249999999999995
                ],
                [
                    3.0599999999999996,
                    6.21
                ],
                [
                    3.5399999999999996,
                    5.925
                ],
                [
                    4.245,
                    5.595
                ],
                [
                    4.92,
                    5.7749999999999995
                ],
                [
                    5.385,
                    6.18
                ]
            ]
        },
        {
            "segment_index": 3,
            "start_point": [
                5.805,
                6.5249999999999995
            ],
            "end_point": [
                9.105,
                6.345
            ],
            "control_points": [
                [
                    6.27,
                    6.914999999999999
                ],
                [
                    6.81,
                    7.124999999999999
                ],
                [
                    7.244999999999999,
                    7.425
                ],
                [
                    7.965,
                    7.635
                ],
                [
                    8.625,
                    7.034999999999999
                ],
                [
                    8.805,
                    6.749999999999999
                ]
            ]
        },
        {
            "segment_index": 4,
            "start_point": [
                9.105,
                6.345
            ],
            "end_point": [
                3.945,
                2.655
            ],
            "control_points": [
                [
                    8.367857142857144,
                    5.817857142857143
                ],
                [
                    7.630714285714286,
                    5.2907142857142855
                ],
                [
                    6.164999999999999,
                    5.909999999999999
                ],
                [
                    5.22,
                    5.3999999999999995
                ],
                [
                    5.419285714285715,
                    3.7092857142857145
                ],
                [
                    4.682142857142858,
                    3.182142857142857
                ]
            ]
        },
        {
            "segment_index": 5,
            "start_point": [
                3.945,
                2.655
            ],
            "end_point": [
                11.295,
                0.6599999999999999
            ],
            "control_points": [
                [
                    4.994999999999999,
                    2.3699999999999997
                ],
                [
                    6.045,
                    2.085
                ],
                [
                    7.05,
                    1.41
                ],
                [
                    8.1,
                    1.005
                ],
                [
                    9.12,
                    1.005
                ],
                [
                    10.245,
                    0.9450000000000001
                ]
            ]
        }
    ]
}