{
    "map_name": "map_003_robot_2",
    "num_segments": 4,
    "segments": [
        {
            "segment_index": 0,
            "start_point": [
                1.6199999999999999,
                2.01
            ],
            "end_point": [
                4.32,
                6.495
            ],
            "control_points": [
                [
                    1.89,
                    2.76
                ],
                [
                    1.6349999999999998,
                    3.9149999999999996
                ],
                [
                    2.7449999999999997,
                    4.125
                ],
                [
                    3.162857142857143,
                    4.572857142857142
                ],
                [
                    3.9,
                    5.0249999999999995
                ],
                [
                    4.154999999999999,
                    5.7299999999999995
                ]
            ]
        },
        {
            "segment_index": 1,
            "start_point": [
                4.32,
                6.495
            ],
            "end_point": [
                0.36,
                8.67
            ],
            "control_points": [
                [
                    3.7542857142857144,
                    6.805714285714286
                ],
                [
                    3.1885714285714286,
                    7.116428571428571
                ],
                [
                    2.82,
                    7.949999999999999
                ],
                [
                    2.4749999999999996,
                    8.79
                ],
                [
                    1.8599999999999999,
                    9.104999999999999
                ],
                [
                    1.125,
                    8.79
                ]
            ]
        },
        {
            "segment_index": 2,
            "start_point": [
                0.36,
                8.67
            ],
            "end_point": [
                9.57,
                11.205
            ],
            "control_points": [
                [
                    1.6757142857142857,
                    9.032142857142857
                ],
                [
                    3.42,
                    9.42
                ],
                [
                    3.9749999999999996,
                    10.305
                ],
                [
                    5.055,
                    11.159999999999998
                ],
                [
                    6.045,
                    10.41
                ],
                [
                    8.264999999999999,
                    10.799999999999999
                ]
            ]
        },
        {
            "segment_index": 3,
            "start_point": [
                9.57,
                11.205
            ],
            "end_point": [
                7.484999999999999,
                11.055
            ],
            "control_points": [
                [
                    9.272142857142857,
                    11.183571428571428
                ],
                [
                    8.974285714285715,
                    11.162142857142857
                ],
                [
                    8.676428571428572,
                    11.140714285714285
                ],
                [
                    8.378571428571428,
                    11.119285714285715
                ],
                [
                    8.080714285714286,
                    11.097857142857142
                ],
                [
                    7.782857142857143,
                    11.076428571428572
                ]
            ]
        }
    ]
}