{
    "map_name": "env_map_config_024",
    "segment_index": 0,
    "generation": 50,
    "cost": 9.971267209909668,
    "start_point": [
        1.785,
        6.375
    ],
    "end_point": [
        7.08,
        7.755
    ],
    "control_points": [
        [
            1.8584556707202062,
            9.985024227855497
        ],
        [
            1.8800228468815396,
            10.200505835877157
        ],
        [
            2.1410271963790573,
            10.470126420024815
        ],
        [
            3.714618087751245,
            10.343184242058786
        ],
        [
            7.470308180544583,
            7.454589178512197
        ],
        [
            6.5220570098433095,
            8.183652033751397
        ]
    ]
}