{
    "map_name": "env_map_config_011",
    "segment_index": 1,
    "generation": 50,
    "cost": 130.45887418656844,
    "start_point": [
        5.055,
        4.965
    ],
    "end_point": [
        8.94,
        3.69
    ],
    "control_points": [
        [
            4.7101158034517505,
            9.782857142857143
        ],
        [
            8.636302487774834,
            -0.10717491192782447
        ],
        [
            6.528495951840436,
            -0.3463088879213112
        ],
        [
            8.473776797454178,
            2.9990015134469097
        ],
        [
            8.136982581893845,
            2.418985859092693
        ],
        [
            8.548465370248135,
            3.1282030401199163
        ]
    ]
}