{
    "map_name": "env_map_config_024",
    "segment_index": 2,
    "generation": 50,
    "cost": 8.087725725155519,
    "start_point": [
        7.364999999999999,
        5.7
    ],
    "end_point": [
        1.68,
        0.945
    ],
    "control_points": [
        [
            6.396552131270607,
            4.310842111634451
        ],
        [
            4.679777635461778,
            1.8174936321063129
        ],
        [
            4.28253241888221,
            1.5412101508409992
        ],
        [
            3.868512337617942,
            1.387954220630281
        ],
        [
            2.4541833026045783,
            1.6631932110345007
        ],
        [
            2.074930608582148,
            1.359443169940504
        ]
    ]
}