{
    "map_name": "env_map_config_024",
    "segment_index": 3,
    "generation": 50,
    "cost": 4.830839095736389,
    "start_point": [
        1.68,
        0.945
    ],
    "end_point": [
        1.77,
        5.7749999999999995
    ],
    "control_points": [
        [
            1.6877698163861627,
            1.3621992685543152
        ],
        [
            1.6988118831422265,
            1.9546116757585323
        ],
        [
            1.7112598762148885,
            2.622716143678194
        ],
        [
            1.725416079966162,
            3.3822244493085805
        ],
        [
            1.7419741306365288,
            4.270662237439006
        ],
        [
            1.760084595374306,
            5.242842895715822
        ]
    ]
}