{
    "map_name": "env_map_config_011",
    "segment_index": 0,
    "generation": 50,
    "cost": 136.26167060334868,
    "start_point": [
        4.005,
        3.4499999999999997
    ],
    "end_point": [
        5.055,
        4.965
    ],
    "control_points": [
        [
            4.05065666273648,
            3.4086847614473683
        ],
        [
            4.1088429609177,
            3.1855765111447694
        ],
        [
            4.040530042278283,
            3.447753301152756
        ],
        [
            5.04247366263761,
            -0.41856576792507116
        ],
        [
            5.725953137426931,
            -0.06291049041690489
        ],
        [
            8.766154943134103,
            9.748571428571427
        ]
    ]
}