{
    "map_name": "env_map_config_024",
    "segment_index": 1,
    "generation": 50,
    "cost": 14.774808750915106,
    "start_point": [
        7.08,
        7.755
    ],
    "end_point": [
        7.364999999999999,
        5.7
    ],
    "control_points": [
        [
            7.179680342177423,
            11.246207501945678
        ],
        [
            7.17517987063181,
            11.289018439927847
        ],
        [
            7.164010421663889,
            11.296097722163672
        ],
        [
            7.159931899407271,
            11.294643546410626
        ],
        [
            7.152283259650544,
            11.287142857142857
        ],
        [
            7.066325868422719,
            10.993571428571428
        ]
    ]
}