{
    "map_name": "map_001_robot_3",
    "num_segments": 5,
    "segments": [
        {
            "segment_index": 0,
            "start_point": [
                10.695,
                11.055
            ],
            "end_point": [
                2.55,
                6.18
            ],
            "control_points": [
                [
                    9.405,
                    10.739999999999998
                ],
                [
                    8.367857142857144,
                    9.662142857142857
                ],
                [
                    7.919999999999999,
                    8.25
                ],
                [
                    5.909999999999999,
                    8.504999999999999
                ],
                [
                    4.545,
                    8.37
                ],
                [
                    3.09,
                    7.425
                ]
            ]
        },
        {
            "segment_index": 1,
            "start_point": [
                2.55,
                6.18
            ],
            "end_point": [
                0.615,
                9.99
            ],
            "control_points": [
                [
                    2.415,
                    6.914999999999999
                ],
                [
                    2.46,
                    7.334999999999999
                ],
                [
                    2.19,
                    7.8149999999999995
                ],
                [
                    2.0549999999999997,
                    8.715
                ],
                [
                    1.7249999999999999,
                    8.985
                ],
                [
                    1.125,
                    9.344999999999999
                ]
            ]
        },
        {
            "segment_index": 2,
            "start_point": [
                0.615,
                9.99
            ],
            "end_point": [
                8.325,
                4.905
            ],
            "control_points": [
                [
                    1.4849999999999999,
                    9.18
                ],
                [
                    2.085,
                    8.85
                ],
                [
                    3.9599999999999995,
                    8.129999999999999
                ],
                [
                    4.59,
                    6.569999999999999
                ],
                [
                    4.904999999999999,
                    5.279999999999999
                ],
                [
                    8.295,
                    6.329999999999999
                ]
            ]
        },
        {
            "segment_index": 3,
            "start_point": [
                8.325,
                4.905
            ],
            "end_point": [
                6.4799999999999995,
                1.065
            ],
            "control_points": [
                [
                    8.49,
                    4.125
                ],
                [
                    8.49,
                    3.36
                ],
                [
                    8.459999999999999,
                    2.7899999999999996
                ],
                [
                    8.354999999999999,
                    1.89
                ],
                [
                    8.174999999999999,
                    1.365
                ],
                [
                    7.754999999999999,
                    0.825
                ]
            ]
        },
        {
            "segment_index": 4,
            "start_point": [
                6.4799999999999995,
                1.065
            ],
            "end_point": [
                0.6,
                1.65
            ],
            "control_points": [
                [
                    5.385,
                    1.095
                ],
                [
                    4.8,
                    1.232142857142857
                ],
                [
                    3.9599999999999995,
                    1.44
                ],
                [
                    3.1199999999999997,
                    1.515
                ],
                [
                    2.31,
                    1.6649999999999998
                ],
                [
                    1.65,
                    1.7699999999999998
                ]
            ]
        }
    ]
}