{
    "map_name": "env_map_config_012",
    "num_segments": 5,
    "segments": [
        {
            "segment_index": 0,
            "generation": 50,
            "cost": 5.745440462084764,
            "start_point": [
                2.9099999999999997,
                4.53
            ],
            "end_point": [
                4.38,
                6.585
            ],
            "control_points": [
                [
                    1.7856480699786847,
                    5.563864464080586
                ],
                [
                    1.6075612836682767,
                    6.270351519378002
                ],
                [
                    1.717744838353146,
                    6.923213836926483
                ],
                [
                    1.9910795009711346,
                    7.104183138336042
                ],
                [
                    3.609548021323338,
                    7.115601007368307
                ],
                [
                    3.8633569271970356,
                    6.917290565983247
                ]
            ]
        },
        {
            "segment_index": 1,
            "generation": 50,
            "cost": 5.568913186058078,
            "start_point": [
                4.38,
                6.585
            ],
            "end_point": [
                6.12,
                10.424999999999999
            ],
            "control_points": [
                [
                    6.00226025326992,
                    6.752548235495475
                ],
                [
                    6.189160135545724,
                    6.799827270110181
                ],
                [
                    6.28720417507053,
                    6.887735398023853
                ],
                [
                    6.385894429903233,
                    7.068833149129527
                ],
                [
                    6.51050251381793,
                    8.652280848420599
                ],
                [
                    6.147504895712977,
                    10.27848647945402
                ]
            ]
        },
        {
            "segment_index": 2,
            "generation": 50,
            "cost": 4.097037532146422,
            "start_point": [
                6.12,
                10.424999999999999
            ],
            "end_point": [
                8.76,
                8.19
            ],
            "control_points": [
                [
                    6.181482810999868,
                    10.355131410422254
                ],
                [
                    6.133565528926282,
                    10.407902370385665
                ],
                [
                    6.602147358129159,
                    9.872864307888376
                ],
                [
                    6.3667982705387365,
                    10.141601559805437
                ],
                [
                    7.508129745122169,
                    8.838231892498946
                ],
                [
                    9.003682854497269,
                    8.846711370018573
                ]
            ]
        },
        {
            "segment_index": 3,
            "generation": 50,
            "cost": 6.972105629529084,
            "start_point": [
                8.76,
                8.19
            ],
            "end_point": [
                7.26,
                5.234999999999999
            ],
            "control_points": [
                [
                    6.6349269058973634,
                    11.095499105011907
                ],
                [
                    7.237042113682738,
                    5.323584029722604
                ],
                [
                    7.220264162385699,
                    5.476233731641903
                ],
                [
                    7.237065372618096,
                    5.323686355879994
                ],
                [
                    7.243230687831089,
                    5.301035190824167
                ],
                [
                    7.254692885389533,
                    5.253982170671512
                ]
            ]
        },
        {
            "segment_index": 4,
            "generation": 50,
            "cost": 5.026065521346746,
            "start_point": [
                7.26,
                5.234999999999999
            ],
            "end_point": [
                3.1799999999999997,
                4.14
            ],
            "control_points": [
                [
                    6.610903093802559,
                    5.051572253846193
                ],
                [
                    6.369300801330795,
                    5.026665942381441
                ],
                [
                    5.658097482381153,
                    3.7958954069523188
                ],
                [
                    5.281210025555438,
                    3.5187991629453186
                ],
                [
                    4.831259712838475,
                    3.4203626704527794
                ],
                [
                    4.423881751800793,
                    3.5496406978193322
                ]
            ]
        }
    ]
}