{
    "map_name": "env_map_config_031",
    "control_point_mode": "direct",
    "num_segments": 2,
    "segments": [
        {
            "segment_index": 0,
            "generation": 50,
            "cost": 7.455049316132722,
            "control_point_mode": "direct",
            "start_point": [
                8.174999999999999,
                2.925
            ],
            "end_point": [
                6.075,
                6.285
            ],
            "control_points": [
                [
                    4.616746419543193,
                    3.5970123572364923
                ],
                [
                    4.426370804386358,
                    3.6468843956562806
                ],
                [
                    4.320054918200916,
                    3.730869069716496
                ],
                [
                    4.223819341426896,
                    3.916007380371917
                ],
                [
                    4.181741750706806,
                    4.841357933577706
                ],
                [
                    4.482432150502518,
                    5.067484492646885
                ]
            ]
        },
        {
            "segment_index": 1,
            "generation": 50,
            "cost": 7.518405755974295,
            "control_point_mode": "direct",
            "start_point": [
                6.075,
                6.285
            ],
            "end_point": [
                2.835,
                9.99
            ],
            "control_points": [
                [
                    7.079607502982741,
                    7.507134765095954
                ],
                [
                    7.128259649837743,
                    7.578756470592427
                ],
                [
                    7.1984331973623235,
                    7.7301028444667805
                ],
                [
                    7.2135387775462485,
                    8.60426131649253
                ],
                [
                    7.023261837473884,
                    8.760091360473776
                ],
                [
                    6.894334437375215,
                    8.815887429472479
                ]
            ]
        }
    ]
}