{
    "map_name": "env_map_config_004",
    "num_segments": 2,
    "segments": [
        {
            "segment_index": 0,
            "generation": 50,
            "cost": 6.629171389420694,
            "start_point": [
                5.7299999999999995,
                4.8
            ],
            "end_point": [
                5.43,
                7.005
            ],
            "control_points": [
                [
                    5.76233773281807,
                    4.709210018326434
                ],
                [
                    5.990371814019376,
                    4.320581739996795
                ],
                [
                    5.94744714091663,
                    4.389035064524189
                ],
                [
                    6.0535315980519995,
                    3.9556252581134967
                ],
                [
                    6.214898389938027,
                    3.691512453363041
                ],
                [
                    5.024774248760261,
                    2.5498749752898835
                ]
            ]
        },
        {
            "segment_index": 1,
            "generation": 50,
            "cost": 5.7917190532711595,
            "start_point": [
                5.43,
                7.005
            ],
            "end_point": [
                3.675,
                4.785
            ],
            "control_points": [
                [
                    5.27729606344101,
                    7.929555874809137
                ],
                [
                    4.186524528048673,
                    8.504619623280794
                ],
                [
                    3.3499693018840575,
                    6.188903571285579
                ],
                [
                    3.254582070923496,
                    5.2411801597326475
                ],
                [
                    3.4558521042117785,
                    4.857263382092197
                ],
                [
                    3.5043456888429065,
                    4.957785931097892
                ]
            ]
        }
    ]
}