{
    "map_name": "env_map_config_012",
    "num_segments": 5,
    "segments": [
        {
            "segment_index": 0,
            "generation": 50,
            "cost": 5.729329384131915,
            "start_point": [
                2.9099999999999997,
                4.53
            ],
            "end_point": [
                4.38,
                6.585
            ],
            "control_points": [
                [
                    2.041810971261262,
                    5.471012592737532
                ],
                [
                    1.65936911122945,
                    5.734354626474348
                ],
                [
                    1.6790726518591212,
                    6.7939909998742865
                ],
                [
                    1.8222010435400904,
                    6.968025004463697
                ],
                [
                    1.9544050297582674,
                    7.060215158577765
                ],
                [
                    3.267429242314334,
                    7.304507756719003
                ]
            ]
        },
        {
            "segment_index": 1,
            "generation": 50,
            "cost": 7.87555121147168,
            "start_point": [
                4.38,
                6.585
            ],
            "end_point": [
                6.12,
                10.424999999999999
            ],
            "control_points": [
                [
                    4.056480360923926,
                    7.55752714645508
                ],
                [
                    4.511017622715463,
                    11.42242160954152
                ],
                [
                    4.61775315925397,
                    11.666524513700693
                ],
                [
                    4.817304656955717,
                    11.825951206621317
                ],
                [
                    5.914094211436296,
                    11.852052184681806
                ],
                [
                    5.981995661076061,
                    11.45343861859927
                ]
            ]
        },
        {
            "segment_index": 2,
            "generation": 50,
            "cost": 4.204135398875982,
            "start_point": [
                6.12,
                10.424999999999999
            ],
            "end_point": [
                8.76,
                8.19
            ],
            "control_points": [
                [
                    6.18909838287916,
                    10.31338551705665
                ],
                [
                    6.213693885011166,
                    10.253383318837834
                ],
                [
                    6.1832345155126935,
                    10.327699168684848
                ],
                [
                    6.666521558047897,
                    9.148972040856764
                ],
                [
                    9.152198237785996,
                    8.825764382805986
                ],
                [
                    8.763005279438447,
                    8.22232449361724
                ]
            ]
        },
        {
            "segment_index": 3,
            "generation": 50,
            "cost": 6.567022824504479,
            "start_point": [
                8.76,
                8.19
            ],
            "end_point": [
                7.26,
                5.234999999999999
            ],
            "control_points": [
                [
                    7.354316431779859,
                    10.886917345973313
                ],
                [
                    7.248393776968527,
                    5.359073111014456
                ],
                [
                    7.253835103373067,
                    5.6428558917247225
                ],
                [
                    7.2482717319960965,
                    5.352792437836875
                ],
                [
                    7.255982680259845,
                    5.274421087584614
                ],
                [
                    7.257028330376745,
                    5.259633574383458
                ]
            ]
        },
        {
            "segment_index": 4,
            "generation": 50,
            "cost": 5.026063308282289,
            "start_point": [
                7.26,
                5.234999999999999
            ],
            "end_point": [
                3.1799999999999997,
                4.14
            ],
            "control_points": [
                [
                    6.609044292451511,
                    5.05109200130204
                ],
                [
                    6.370271612688237,
                    5.026613470236814
                ],
                [
                    5.657519483250589,
                    3.7949999006064306
                ],
                [
                    5.281079588083835,
                    3.519269834024482
                ],
                [
                    4.835342865904924,
                    3.420849741843506
                ],
                [
                    4.4277351803341825,
                    3.5468960745248346
                ]
            ]
        }
    ]
}