{
    "map_name": "env_map_config_024",
    "control_point_mode": "direct",
    "num_segments": 4,
    "segments": [
        {
            "segment_index": 0,
            "generation": 50,
            "cost": 9.953526493024443,
            "control_point_mode": "direct",
            "start_point": [
                1.785,
                6.375
            ],
            "end_point": [
                7.08,
                7.755
            ],
            "control_points": [
                [
                    1.7678007360416839,
                    9.64780820488608
                ],
                [
                    1.860185298123941,
                    10.228105511181747
                ],
                [
                    2.1178356344146616,
                    10.420007580837485
                ],
                [
                    3.070265419952394,
                    10.518576327100014
                ],
                [
                    5.284645377687292,
                    9.068569108745038
                ],
                [
                    6.4482965120728135,
                    8.259893212251942
                ]
            ]
        },
        {
            "segment_index": 1,
            "generation": 50,
            "cost": 12.79100214568162,
            "control_point_mode": "direct",
            "start_point": [
                7.08,
                7.755
            ],
            "end_point": [
                7.364999999999999,
                5.7
            ],
            "control_points": [
                [
                    9.53165916844608,
                    7.88637926982836
                ],
                [
                    9.529726539567466,
                    6.718519098054681
                ],
                [
                    10.067810722458816,
                    5.812960380959198
                ],
                [
                    10.001668247410997,
                    2.678219179140714
                ],
                [
                    8.846139012871149,
                    1.8459348179335295
                ],
                [
                    7.7004199594967915,
                    2.5135698739882124
                ]
            ]
        },
        {
            "segment_index": 2,
            "generation": 50,
            "cost": 807.931416975188,
            "control_point_mode": "direct",
            "start_point": [
                7.364999999999999,
                5.7
            ],
            "end_point": [
                1.68,
                0.945
            ],
            "control_points": [
                [
                    5.4843178614358425,
                    5.020199465406956
                ],
                [
                    3.8805552573280377,
                    4.427228011802688
                ],
                [
                    3.491536805792413,
                    4.22758924279086
                ],
                [
                    3.264265002621992,
                    4.027073461709247
                ],
                [
                    2.9188062312145275,
                    3.2796598471259815
                ],
                [
                    2.234308554685666,
                    2.05170659284156
                ]
            ]
        },
        {
            "segment_index": 3,
            "generation": 50,
            "cost": 4.8308395962427975,
            "control_point_mode": "direct",
            "start_point": [
                1.68,
                0.945
            ],
            "end_point": [
                1.77,
                5.7749999999999995
            ],
            "control_points": [
                [
                    1.6952778906509702,
                    1.7649961087444268
                ],
                [
                    1.7049239436913817,
                    2.28280683057725
                ],
                [
                    1.7098495984444562,
                    2.547735361299841
                ],
                [
                    1.7304886811000821,
                    3.6552330584505635
                ],
                [
                    1.755070306724186,
                    4.973889095499073
                ],
                [
                    1.759756488848145,
                    5.226079674217774
                ]
            ]
        }
    ]
}