{
    "map_name": "env_map_config_029",
    "num_segments": 5,
    "segments": [
        {
            "segment_index": 0,
            "generation": 50,
            "cost": 9.100920581289422,
            "start_point": [
                0.885,
                1.515
            ],
            "end_point": [
                5.37,
                5.49
            ],
            "control_points": [
                [
                    2.002538365124913,
                    0.6686737255810886
                ],
                [
                    2.5773651437772567,
                    0.4769919709132453
                ],
                [
                    3.2319417358659894,
                    0.7460248505954197
                ],
                [
                    3.644327134915651,
                    1.474607126538559
                ],
                [
                    3.387417020668063,
                    5.517026815246462
                ],
                [
                    4.500929334960088,
                    5.790549169051429
                ]
            ]
        },
        {
            "segment_index": 1,
            "generation": 50,
            "cost": 9.67260401954891,
            "start_point": [
                5.37,
                5.49
            ],
            "end_point": [
                5.444999999999999,
                9.629999999999999
            ],
            "control_points": [
                [
                    7.535633570751127,
                    5.641298607706659
                ],
                [
                    8.19815224972061,
                    5.922191531441369
                ],
                [
                    8.49529177808686,
                    6.506295394502805
                ],
                [
                    9.022981033670575,
                    9.247271257258362
                ],
                [
                    7.714452016264659,
                    9.807860480463855
                ],
                [
                    7.227374279269503,
                    9.408658799904261
                ]
            ]
        },
        {
            "segment_index": 2,
            "generation": 50,
            "cost": 9.642017730903255,
            "start_point": [
                5.444999999999999,
                9.629999999999999
            ],
            "end_point": [
                10.215,
                4.125
            ],
            "control_points": [
                [
                    6.922396911074597,
                    9.431968670847569
                ],
                [
                    7.760645409169869,
                    9.68470833864372
                ],
                [
                    8.208343668403167,
                    9.549479092484056
                ],
                [
                    8.524507797446736,
                    9.366113530666297
                ],
                [
                    10.587470411122434,
                    6.980143904342108
                ],
                [
                    11.452997926712186,
                    4.847559822636678
                ]
            ]
        },
        {
            "segment_index": 3,
            "generation": 50,
            "cost": 6.474440445147842,
            "start_point": [
                10.215,
                4.125
            ],
            "end_point": [
                8.16,
                1.7999999999999998
            ],
            "control_points": [
                [
                    11.01984071719564,
                    2.528184516682159
                ],
                [
                    11.091694951289345,
                    2.107409089505132
                ],
                [
                    10.979295869176573,
                    1.5766872883813077
                ],
                [
                    9.902669462440937,
                    0.5352461024711244
                ],
                [
                    9.158303834635621,
                    0.6337892006731634
                ],
                [
                    8.830366452158698,
                    0.8639367714202535
                ]
            ]
        },
        {
            "segment_index": 4,
            "generation": 50,
            "cost": 3.0687752179920134,
            "start_point": [
                8.16,
                1.7999999999999998
            ],
            "end_point": [
                10.665,
                0.87
            ],
            "control_points": [
                [
                    8.775927584445308,
                    0.9968464848490145
                ],
                [
                    8.915503485515881,
                    0.836475701512527
                ],
                [
                    9.115979065133372,
                    0.7020324103208361
                ],
                [
                    9.339076338213092,
                    0.6237113788036294
                ],
                [
                    9.586597040505875,
                    0.6044887156725621
                ],
                [
                    9.792013034423444,
                    0.6450748759853323
                ]
            ]
        }
    ]
}