{
    "metadata": {
        "map_name": "env_map_config_024",
        "num_segments": 4,
        "samples_per_segment": 40
    },
    "path_segments": [
        [
            [
                1.785,
                6.375
            ],
            [
                1.8103742125196025,
                7.598135799103332
            ],
            [
                1.830841971402011,
                8.520046936798122
            ],
            [
                1.8476775017713265,
                9.18490159426405
            ],
            [
                1.8621550287516526,
                9.636867952680815
            ],
            [
                1.875548777467089,
                9.920114193228097
            ],
            [
                1.8891329730417392,
                10.078808497085584
            ],
            [
                1.9041818405997042,
                10.157119045432971
            ],
            [
                1.9219709517894583,
                10.199154164935505
            ],
            [
                1.9440613414264543,
                10.236333025198949
            ],
            [
                1.972650950354351,
                10.271763610502898
            ],
            [
                2.010023896976653,
                10.30472321620334
            ],
            [
                2.0584642996968623,
                10.334489137656247
            ],
            [
                2.1202562769184827,
                10.360338670217605
            ],
            [
                2.1976839470450167,
                10.381549109243394
            ],
            [
                2.293031428479967,
                10.397397750089596
            ],
            [
                2.408578020028911,
                10.407116436026811
            ],
            [
                2.5464156586280122,
                10.408170060506723
            ],
            [
                2.7083928915181232,
                10.395728186669615
            ],
            [
                2.896341999797094,
                10.36480697686762
            ],
            [
                3.1120952645627735,
                10.310422593452884
            ],
            [
                3.357484966913011,
                10.22759119877755
            ],
            [
                3.6343433879456533,
                10.111328955193747
            ],
            [
                3.944502808758554,
                9.95665202505363
            ],
            [
                4.2891711986069065,
                9.759267583632669
            ],
            [
                4.660214971767001,
                9.5252224069852
            ],
            [
                5.042309394994233,
                9.26852271631956
            ],
            [
                5.419944753757278,
                9.003379477413967
            ],
            [
                5.7776113335248205,
                8.744003656046644
            ],
            [
                6.099799419765541,
                8.504606217995812
            ],
            [
                6.370999297948121,
                8.29939812903969
            ],
            [
                6.575701253541243,
                8.1425903549565
            ],
            [
                6.701763692510494,
                8.045609344842944
            ],
            [
                6.761937536368965,
                7.999302229196444
            ],
            [
                6.78013060577576,
                7.9852924270068995
            ],
            [
                6.780303348272747,
                7.985159849191067
            ],
            [
                6.786416211401793,
                7.980484406665704
            ],
            [
                6.822429642704772,
                7.952846010347568
            ],
            [
                6.91230408972355,
                7.883824571153414
            ],
            [
                7.08,
                7.755
            ]
        ],
        [
            [
                7.08,
                7.755
            ],
            [
                7.113525671899385,
                8.933969016804944
            ],
            [
                7.138278466807378,
                9.814498536843919
            ],
            [
                7.155537832974225,
                10.440338612951994
            ],
            [
                7.1665832186501826,
                10.855239297964248
            ],
            [
                7.1726940720854895,
                11.102950644715754
            ],
            [
                7.1751498415303985,
                11.227222706041584
            ],
            [
                7.17522997523516,
                11.271805534776819
            ],
            [
                7.174212247857359,
                11.280390986912888
            ],
            [
                7.173019632410847,
                11.284333187590178
            ],
            [
                7.17178349258169,
                11.287459154908733
            ],
            [
                7.1705280821257675,
                11.289871308975833
            ],
            [
                7.169277654798961,
                11.291672069898748
            ],
            [
                7.168056464357153,
                11.292963857784766
            ],
            [
                7.166888764556221,
                11.293849092741157
            ],
            [
                7.165798809152051,
                11.2944301948752
            ],
            [
                7.164810353561875,
                11.294808547712925
            ],
            [
                7.163927780288095,
                11.295045237684352
            ],
            [
                7.163130305731532,
                11.29514900386651
            ],
            [
                7.162395464400077,
                11.29512508687469
            ],
            [
                7.161700790801618,
                11.294978727324203
            ],
            [
                7.161023819444047,
                11.294715165830352
            ],
            [
                7.1603420848352535,
                11.294339643008438
            ],
            [
                7.159633121483134,
                11.293857399473781
            ],
            [
                7.158866342496285,
                11.293241108941002
            ],
            [
                7.157889640786612,
                11.291976147796307
            ],
            [
                7.156457362777955,
                11.289172769977496
            ],
            [
                7.1543214485536195,
                11.28393157997033
            ],
            [
                7.151233838196918,
                11.275353182260563
            ],
            [
                7.1469464717911615,
                11.262538181333959
            ],
            [
                7.141211289419659,
                11.24458718167627
            ],
            [
                7.133780231165725,
                11.220600787773257
            ],
            [
                7.124816828090673,
                11.18428125769808
            ],
            [
                7.117526525827709,
                11.089433695568353
            ],
            [
                7.116478165124689,
                10.871981183009964
            ],
            [
                7.126247017838504,
                10.467762452486113
            ],
            [
                7.151408355826051,
                9.812616236459993
            ],
            [
                7.19653745094422,
                8.842381267394803
            ],
            [
                7.2662095750499045,
                7.492896277753739
            ],
            [
                7.364999999999999,
                5.7
            ]
        ],
