{
    "metadata": {
        "map_name": "env_map_config_004",
        "num_segments": 2,
        "samples_per_segment": 50
    },
    "path_segments": [
        [
            [
                5.7299999999999995,
                4.8
            ],
            [
                5.719562572401781,
                4.876845353832849
            ],
            [
                5.710401124509105,
                4.944269470171574
            ],
            [
                5.702331116815134,
                5.003635310809475
            ],
            [
                5.695184451788099,
                5.05618442487932
            ],
            [
                5.688809473871271,
                5.103036948853314
            ],
            [
                5.683070969482993,
                5.145191606543134
            ],
            [
                5.67785016701665,
                5.183525709099903
            ],
            [
                5.673044736840688,
                5.218795155014201
            ],
            [
                5.668568791298607,
                5.251634430116062
            ],
            [
                5.664352884708963,
                5.282556607574983
            ],
            [
                5.660344013365367,
                5.3119533478999035
            ],
            [
                5.656505615536485,
                5.34009489893923
            ],
            [
                5.65281733164301,
                5.367131866681531
            ],
            [
                5.649269094544485,
                5.393138851282955
            ],
            [
                5.645850926697826,
                5.418189782613576
            ],
            [
                5.642551104474879,
                5.4423714745344345
            ],
            [
                5.639356155201626,
                5.465783646759277
            ],
            [
                5.636250857158208,
                5.488538924854562
            ],
            [
                5.633218239578899,
                5.5107628402394555
            ],
            [
                5.630239582652128,
                5.532593830185824
            ],
            [
                5.627294417520469,
                5.554183237818254
            ],
            [
                5.624360526280638,
                5.575695312114029
            ],
            [
                5.6214139419835,
                5.597307207903147
            ],
            [
                5.618428948634065,
                5.619208985868309
            ],
            [
                5.615378109803951,
                5.641603401055546
            ],
            [
                5.612234443178031,
                5.6646898296809916
            ],
            [
                5.608978001419344,
                5.688615626572484
            ],
            [
                5.605598046715755,
                5.713460051976347
            ],
            [
                5.6020930793923975,
                5.7392340600680045
            ],
            [
                5.598470837911695,
                5.765880298951988
            ],
            [
                5.594748298873346,
                5.793273110661925
            ],
            [
                5.590951677014323,
                5.821218531160548
            ],
            [
                5.587116425208888,
                5.849454290339695
            ],
            [
                5.583287234468569,
                5.877649812020298
            ],
            [
                5.579518033942186,
                5.9054062139524
            ],
            [
                5.575871990915828,
                5.9322563078151385
            ],
            [
                5.572421483884742,
                5.957664797498409
            ],
            [
                5.569231407115056,
                5.981151213724465
            ],
            [
                5.566266376320742,
                6.002973192606112
            ],
            [
                5.563336980123642,
                6.024522245815651
            ],
            [
                5.560097598875237,
                6.048339821398334
            ],
            [
                5.556046404656652,
                6.078117303772382
            ],
            [
                5.550525361278641,
                6.118696013728961
            ],
            [
                5.542720224281609,
                6.176067208432204
            ],
            [
                5.531660540935598,
                6.257372081419198
            ],
            [
                5.51621965024029,
                6.370901762599992
            ],
            [
                5.495114682925005,
                6.526097318257587
            ],
            [
                5.466906561448708,
                6.733549751047951
            ],
            [
                5.43,
                7.005
            ]
        ],
        [
            [
                5.43,
                7.005
            ],
            [
                5.389146926222818,
                6.953374647844631
            ],
            [
                5.341375473972782,
                6.892987544116758
            ],
            [
                5.289426160575847,
                6.827305909628832
            ],
            [
                5.2356840662807205,
                6.75934738884294
            ],
            [
                5.182178834258844,
                6.691680049870749
            ],
            [
                5.130584670604431,
                6.626422384473565
            ],
            [
                5.082220344334433,
                6.565243308062284
            ],
            [
                5.038049187388557,
                6.509362159697422
            ],
            [
                4.998679094629254,
                6.459548702089101
            ],
            [
                4.964362523841734,
                6.416123121597059
            ],
            [
                4.9349964957339525,
                6.378956028230639
            ],
            [
                4.910122593936617,
                6.347468455648799
            ],
            [
                4.888933307716798,
                6.3206398819292025
            ],
            [
                4.870428328970114,
                6.297205877162301
            ],
            [
                4.85368439161708,
                6.275999332714474
            ],
            [
                4.8379038207690135,
                6.256011854769258
            ],
            [
                4.822414611033136,
                6.236393863349199
            ],
            [
                4.806670426512583,
                6.216454592315854
            ],
            [
                4.790250600806397,
                6.195662089369787
            ],
            [
                4.772860137009528,
                6.173643216050562
            ],
            [
                4.754329707712839,
                6.1501836477367595
            ],
            [
                4.734615655003096,
                6.125227873645962
            ],
            [
                4.713799990462979,
                6.098879196834762
            ],
            [
                4.692090395171075,
                6.071399734198754
            ],
            [
                4.669819574036292,
                6.043209600816516
            ],
            [
                4.647396185213054,
                6.014824920091135
            ],
            [
                4.6251563370157385,
                5.98667022286277
            ],
            [
                4.603314517333864,
                5.959016457550198
            ],
            [
                4.58196294796651,
                5.9319801744947664
            ],
            [
