{
    "metadata": {
        "map_name": "env_map_config_011",
        "num_segments": 2,
        "samples_per_segment": 80
    },
    "path_segments": [
        [
            [
                4.005,
                3.4499999999999997
            ],
            [
                4.013467562597089,
                3.4413542793772978
            ],
            [
                4.021522776379566,
                3.431278556775923
            ],
            [
                4.029151390120843,
                3.420030994452071
            ],
            [
                4.036339152594338,
                3.4078697546619368
            ],
            [
                4.04307181257346,
                3.3950529996617114
            ],
            [
                4.049335118831629,
                3.3818388917075914
            ],
            [
                4.055114820142256,
                3.36848559305577
            ],
            [
                4.060396665278758,
                3.3552512659624423
            ],
            [
                4.065166403014547,
                3.3423940726838017
            ],
            [
                4.069409782123039,
                3.3301721754760427
            ],
            [
                4.073112551377648,
                3.3188437365953605
            ],
            [
                4.076260459551788,
                3.308666918297947
            ],
            [
                4.078839255418874,
                3.2998998828399984
            ],
            [
                4.080834687752321,
                3.2928007924777085
            ],
            [
                4.082232505325542,
                3.28762780946727
            ],
            [
                4.083018890298964,
                3.284637154498557
            ],
            [
                4.083271902879187,
                3.283673436200987
            ],
            [
                4.083274595328675,
                3.283662902333262
            ],
            [
                4.083337756678543,
                3.283407540409411
            ],
            [
                4.083772175959915,
                3.2817093379434694
            ],
            [
                4.084888642203905,
                3.2773702824494713
            ],
            [
                4.086997944441632,
                3.2691923614414486
            ],
            [
                4.090410871704218,
                3.255977562433436
            ],
            [
                4.095438213022779,
                3.2365278729394666
            ],
            [
                4.102390757428435,
                3.2096452804735733
            ],
            [
                4.111579293952303,
                3.1741317725497904
            ],
            [
                4.123314611625505,
                3.1287893366821504
            ],
            [
                4.137907499479156,
                3.0724199603846873
            ],
            [
                4.155668746544378,
                3.003825631171435
            ],
            [
                4.176909141852287,
                2.9218083365564267
            ],
            [
                4.2019394744340035,
                2.8251700640536956
            ],
            [
                4.231063462697864,
                2.712748162288614
            ],
            [
                4.264309954591542,
                2.584754643089871
            ],
            [
                4.301350731612202,
                2.443187254408791
            ],
            [
                4.341833711905124,
                2.2901630879474704
            ],
            [
                4.385406813615582,
                2.127799235408
            ],
            [
                4.4317179548888515,
                1.9582127884924763
            ],
            [
                4.480415053870212,
                1.7835208389029942
            ],
            [
                4.531146028704937,
                1.6058404783416482
            ],
            [
                4.583558797538305,
                1.4272887985105311
            ],
            [
                4.63730127851559,
                1.2499828911117399
            ],
            [
                4.69202138978207,
                1.0760398478473676
            ],
            [
                4.747367049483022,
                0.9075767604195081
            ],
            [
                4.8029861757637216,
                0.746710720530258
            ],
            [
                4.858526686769443,
                0.595558819881709
            ],
            [
                4.913636500645467,
                0.4562381501759588
            ],
            [
                4.967963535537066,
                0.3308658031151002
            ],
            [
                5.021206675205397,
                0.2215751998472121
            ],
            [
                5.073827400034404,
                0.13074409841586263
            ],
            [
                5.12687423879835,
                0.06093834789059707
            ],
            [
                5.181410821194716,
                0.014728635695329402
            ],
            [
                5.238500776920987,
                -0.005314350746028304
            ],
            [
                5.299207735674647,
                0.0033800759904367983
            ],
            [
                5.364595327153179,
                0.043382603328637526
            ],
            [
                5.435727181054068,
                0.11726391869248654
            ],
            [
                5.5136669270747936,
                0.22759470950589755
            ],
            [
                5.5994781949128445,
                0.37694566319278183
            ],
            [
                5.694224614265703,
                0.5678874671770544
            ],
            [
                5.7989698148308495,
                0.8029908088826249
            ],
            [
                5.914777426305773,
                1.0848263757334078
            ],
            [
                6.042711078387955,
                1.4159648551533186
            ],
            [
                6.183834400774877,
                1.7989769345662645
            ],
            [
                6.339211023164028,
                2.2364333013961653
            ],
            [
                6.509050884394049,
                2.729116829712147
            ],
            [
                6.687254614300006,
                3.264597335508186
            ],
            [
                6.864894991747064,
                3.824522503040556
            ],
            [
                7.033031456680716,
                4.390512081981847
            ],
            [
                7.182723449046466,
                4.94418582200467
            ],
            [
                7.305030408789806,
                5.467163472781615
            ],
            [
                7.3910117758562315,
                5.941064783985284
            ],
            [
                7.431726990191245,
                6.3475095052882855
            ],
            [
                7.4182354917403375,
                6.668117386363209
            ],
            [
                7.341596720449008,
                6.884508176882659
            ],
            [
                7.192870116262756,
                6.978301626519234
            ],
            [
                6.963115119127076,
                6.9311174849455375
            ],
            [
                6.64339116898746,
                6.724575501834163
            ],
            [
                6.224757705789413,
                6.340295426857718
            ],
            [
                5.69827416947843,
                5.7598970096888
            ],
            [
                5.055,
