{
    "metadata": {
        "map_name": "env_map_config_011",
        "num_segments": 2,
        "samples_per_segment": 80
    },
    "path_segments": [
        [
            [
                4.005,
                3.4499999999999997
            ],
            [
                3.8252261856559344,
                3.4645463760306363
            ],
            [
                3.6651820765695,
                3.4759673208498034
            ],
            [
                3.5237192036925893,
                3.4861314944171684
            ],
            [
                3.399689097977097,
                3.4969075566924013
            ],
            [
                3.291943290374912,
                3.510164167635165
            ],
            [
                3.19933331183793,
                3.52776998720513
            ],
            [
                3.120710693318042,
                3.551593675361963
            ],
            [
                3.054926965767142,
                3.5835038920653313
            ],
            [
                3.0008336601371215,
                3.625369297274902
            ],
            [
                2.957282307379873,
                3.679058550950343
            ],
            [
                2.9231244384472905,
                3.746440313051322
            ],
            [
                2.897211584291266,
                3.8293832435375057
            ],
            [
                2.8783952758636917,
                3.9297560023685616
            ],
            [
                2.865527044116461,
                4.0494272495041574
            ],
            [
                2.8574584200014654,
                4.190265644903959
            ],
            [
                2.8530422151626165,
                4.3541334233366475
            ],
            [
                2.8514027479514263,
                4.541530679080996
            ],
            [
                2.8522701040434546,
                4.749918391077473
            ],
            [
                2.855456333403346,
                4.976346326043173
            ],
            [
                2.8607734859957468,
                5.2178642506951975
            ],
            [
                2.8680336117853016,
                5.471521931750644
            ],
            [
                2.8770487607366553,
                5.734369135926608
            ],
            [
                2.8876309828144566,
                6.00345562994019
            ],
            [
                2.8995923279833495,
                6.275831180508491
            ],
            [
                2.91274484620798,
                6.548545554348606
            ],
            [
                2.926900587452993,
                6.818648518177632
            ],
            [
                2.941871601683035,
                7.083189838712669
            ],
            [
                2.9574699388627517,
                7.339219282670818
            ],
            [
                2.973507648956789,
                7.583786616769174
            ],
            [
                2.9897967819297913,
                7.813941607724835
            ],
            [
                3.0061493877464063,
                8.026734022254901
            ],
            [
                3.022382647498938,
                8.21925960817512
            ],
            [
                3.0385132148674923,
                8.390401628511249
            ],
            [
                3.0548168654790198,
                8.54136539177085
            ],
            [
                3.071586692516329,
                8.673511392669436
            ],
            [
                3.089115789162226,
                8.788200125922515
            ],
            [
                3.107697248599516,
                8.886792086245592
            ],
            [
                3.1276241640110087,
                8.970647768354183
            ],
            [
                3.1491896285795082,
                9.041127666963792
            ],
            [
                3.172686735487823,
                9.099592276789933
            ],
            [
                3.198408577918759,
                9.14740209254811
            ],
            [
                3.226648249055123,
                9.185917608953831
            ],
            [
                3.2576988420797224,
                9.216499320722608
            ],
            [
                3.2918534501753633,
                9.240507722569955
            ],
            [
                3.329405166524853,
                9.25930330921137
            ],
            [
                3.370647084310997,
                9.27424657536237
            ],
            [
                3.415872296716603,
                9.286698015738466
            ],
            [
                3.4653416435542153,
                9.297960392642107
            ],
            [
                3.5188333586517118,
                9.308472620417529
            ],
            [
                3.5757541647943234,
                9.318008621540129
            ],
            [
                3.635501228213123,
                9.32632521258513
            ],
            [
                3.697471715139188,
                9.333179210127767
            ],
            [
                3.7610627918035964,
                9.338327430743275
            ],
            [
                3.8256716244374207,
                9.341526691006878
            ],
            [
                3.890695379271741,
                9.34253380749381
            ],
            [
                3.9555312225376302,
                9.341105596779302
            ],
            [
                4.019576320466166,
                9.336998875438583
            ],
            [
                4.082227839288426,
                9.329970460046889
            ],
            [
                4.142882945235483,
                9.319777167179444
            ],
            [
                4.200938804538417,
                9.306175813411487
            ],
            [
                4.255792583428302,
                9.288923215318242
            ],
            [
                4.306841448136213,
                9.26777618947494
            ],
            [
                4.353482564893229,
                9.242491552456817
            ],
            [
                4.395248959449043,
                9.212422188873862
            ],
            [
                4.432677744308148,
                9.173935673655464
            ],
            [
                4.46675606663046,
                9.122061557096156
            ],
            [
                4.498473196380877,
                9.05182307805352
            ],
            [
                4.5288184035242915,
                8.958243475385128
            ],
            [
                4.5587809580256025,
                8.836345987948558
            ],
            [
                4.589350129849702,
                8.681153854601389
            ],
            [
                4.6215151889614905,
                8.487690314201195
            ],
            [
                4.656265405325859,
                8.250978605605555
            ],
            [
                4.694590048907707,
                7.96604196767204
            ],
            [
                4.737478389671929,
                7.627903639258237
            ],
            [
                4.78591969758342,
                7.231586859221718
            ],
            [
                4.840903242607078,
                6.772114866420054
            ],
            [
                4.903418294707796,
                6.244510899710831
            ],
            [
                4.974454123850471,
                5.643798197951623
            ],
            [
                5.055,
                4.965
            ]
