{
    "metadata": {
        "map_name": "env_map_config_004",
        "num_segments": 2,
        "samples_per_segment": 50
    },
    "path_segments": [
        [
            [
                5.7299999999999995,
                4.8
            ],
            [
                5.7362410237904005,
                4.792541721984126
            ],
            [
                5.742444739014612,
                4.7848531717227
            ],
            [
                5.7490193145518695,
                4.776822767997878
            ],
            [
                5.756283682666163,
                4.768335583939793
            ],
            [
                5.764467539006195,
                4.759273347026519
            ],
            [
                5.773711342605424,
                4.749514439084109
            ],
            [
                5.784066315882034,
                4.7389338962865715
            ],
            [
                5.7954944446389485,
                4.727403409155874
            ],
            [
                5.807868478063826,
                4.714791322561953
            ],
            [
                5.820971928729064,
                4.700962635722704
            ],
            [
                5.834499072591798,
                4.685779002203986
            ],
            [
                5.848054948993894,
                4.669098729919616
            ],
            [
                5.861157866578117,
                4.65077811701882
            ],
            [
                5.87330115401219,
                4.630704370791551
            ],
            [
                5.884059769705811,
                4.608852440608259
            ],
            [
                5.893109482897275,
                4.585295243231153
            ],
            [
                5.900226904590721,
                4.560203679306655
            ],
            [
                5.905289487556127,
                4.533846633365391
            ],
            [
                5.9082755263293105,
                4.506590973822185
            ],
            [
                5.909264157211929,
                4.478901552976072
            ],
            [
                5.908435358271482,
                4.45134120701029
            ],
            [
                5.9060699493413065,
                4.4245707559922804
            ],
            [
                5.902549592020581,
                4.3993490038736915
            ],
            [
                5.898356789674321,
                4.376532738490373
            ],
            [
                5.894073947427329,
                4.357074845379546
            ],
            [
                5.890311931703767,
                4.34188095788418
            ],
            [
                5.887493868833784,
                4.3313756351004775
            ],
            [
                5.885783704593098,
                4.325359011982256
            ],
            [
                5.885085264196936,
                4.32300491315811
            ],
            [
                5.885042252300035,
                4.322860852931413
            ],
            [
                5.885038252996645,
                4.322848035280315
            ],
            [
                5.884196729820521,
                4.320261353857747
            ],
            [
                5.881381025744934,
                4.311769391991415
            ],
            [
                5.875194363182657,
                4.293414422683805
            ],
            [
                5.863979843985981,
                4.260612408612181
            ],
            [
                5.845820449446698,
                4.208153002128582
            ],
            [
                5.818539352171287,
                4.13020106798975
            ],
            [
                5.779893278683733,
                4.021240775907288
            ],
            [
                5.728647231247112,
                3.8813229278506824
            ],
            [
                5.665196990694661,
                3.719104326966874
            ],
            [
                5.591594378318217,
                3.551971118703746
            ],
            [
                5.511547255868214,
                3.406038790810124
            ],
            [
                5.430419525553676,
                3.316152173335773
            ],
            [
                5.35523113004223,
                3.3258854386314023
            ],
            [
                5.294658052460097,
                3.4875421013486623
            ],
            [
                5.259032316392094,
                3.8621550184401467
            ],
            [
                5.260341985881636,
                4.519486389159389
            ],
            [
                5.312231165430737,
                5.538027755060868
            ],
            [
                5.43,
                7.005
            ]
        ],
        [
            [
                5.43,
                7.005
            ],
            [
                4.232701072434874,
                6.680517473689276
            ],
            [
                3.4069732404002973,
                6.390467332857663
            ],
            [
                2.879929324349972,
                6.13347427995838
            ],
            [
                2.5860169531509993,
                5.908039399779942
            ],
            [
                2.467018564083869,
                5.71254015944614
            ],
            [
                2.4720514028424723,
                5.545230408416065
            ],
            [
                2.557567523534092,
                5.404240378484082
            ],
            [
                2.6873537886794057,
                5.28757668377985
            ],
            [
                2.8325318692124895,
                5.193122320768314
            ],
            [
                2.9715582444808124,
                5.118636668249704
            ],
            [
                3.0902242022452384,
                5.061755487359537
            ],
            [
                3.181655838680028,
                5.01999092156862
            ],
            [
                3.246209609206413,
                4.990736643900612
            ],
            [
                3.2888984947126105,
                4.971394694540318
            ],
            [
                3.3149483987452806,
                4.959594459991075
            ],
            [
                3.328998660062839,
                4.953232071530233
            ],
            [
                3.3351007631395753,
                4.9504704687550465
            ],
            [
                3.3367183381656527,
                4.949739399582682
            ],
            [
                3.3367271610471056,
                4.949735420250209
            ],
            [
                3.3374151534058436,
                4.949421895314613
            ],
            [
                3.3404823825796477,
                4.948028997652778
            ],
            [
                3.3470410616221744,
                4.945053708461501
            ],
            [
                3.3576155493029503,
                4.940259817257486
            ],
            [
                3.372142350107378,
                4.933677921877344
            ],
            [
                3.3899720392291326,
                4.925604551244944
            ],
            [
                3.4100155619925627,
                4.916535495689742
            ],
            [
                3.431186982104698,
                4.906964043436491
            ],
            [
                3.452549781077647,
                4.897314310923582
            ],
            [
                3.4733187832210004,
                4.88794036557038
            ],
            [
