{
    "metadata": {
        "map_name": "env_map_config_024",
        "num_segments": 4,
        "samples_per_segment": 40
    },
    "path_segments": [
        [
            [
                1.785,
                6.375
            ],
            [
                1.8115927309935982,
                7.605068712291999
            ],
            [
                1.8333125881337258,
                8.529599617464863
            ],
            [
                1.8510279275030006,
                9.193433155475569
            ],
            [
                1.8656071051840433,
                9.641409766281104
            ],
            [
                1.8779184772594697,
                9.918369889838434
            ],
            [
                1.8888303998118996,
                10.069153966104551
            ],
            [
                1.8992112289239522,
                10.138602435036432
            ],
            [
                1.9099297827952342,
                10.171495732041755
            ],
            [
                1.9219528484270063,
                10.19989332807722
            ],
            [
                1.9364657941562922,
                10.227472542281971
            ],
            [
                1.95468356380741,
                10.254070402640156
            ],
            [
                1.9778211012046734,
                10.279523937135908
            ],
            [
                2.0070933501724,
                10.303670173753373
            ],
            [
                2.043715254534905,
                10.32634614047668
            ],
            [
                2.0889017581165046,
                10.347388865289979
            ],
            [
                2.1438433910895647,
                10.366630263784124
            ],
            [
                2.208781602906818,
                10.383703507261115
            ],
            [
                2.2827249535974348,
                10.397983591162212
            ],
            [
                2.3645996071152435,
                10.40882825660134
            ],
            [
                2.4533317274140747,
                10.415595244692422
            ],
            [
                2.5478474784477587,
                10.417642296549388
            ],
            [
                2.647073024170123,
                10.414327153286152
            ],
            [
                2.749934528535002,
                10.405007556016654
            ],
            [
                2.855589074211532,
                10.388929144246951
            ],
            [
                2.9666489720535236,
                10.363660185276649
            ],
            [
                3.088386374413371,
                10.325477701959285
            ],
            [
                3.226141854003564,
                10.270625501857179
            ],
            [
                3.385255983536591,
                10.195347392532648
            ],
            [
                3.5710693357249426,
                10.095887181548019
            ],
            [
                3.7889224832811044,
                9.968488676465606
            ],
            [
                4.04415599891757,
                9.809395684847733
            ],
            [
                4.341039541972938,
                9.615726033420508
            ],
            [
                4.675928052631942,
                9.391057096792482
            ],
            [
                5.041629070528313,
                9.141861438052263
            ],
            [
                5.430933402274317,
                8.874625276837902
            ],
            [
                5.836631854482222,
                8.595834832787446
            ],
            [
                6.251515233764293,
                8.311976325538946
            ],
            [
                6.668374346732796,
                8.029535974730447
            ],
            [
                7.08,
                7.755
            ]
        ],
        [
            [
                7.08,
                7.755
            ],
            [
                7.094282703363402,
                8.933908714382412
            ],
            [
                7.105225081874929,
                9.814384425119556
            ],
            [
                7.113323984585148,
                10.440176544060531
            ],
            [
                7.119076260544628,
                10.855034483054434
            ],
            [
                7.122978758803932,
                11.102707653950354
            ],
            [
                7.125528328413631,
                11.226945468597394
            ],
            [
                7.12722181842429,
                11.27149733884465
            ],
            [
                7.128555388221062,
                11.28005448059188
            ],
            [
                7.129878988121509,
                11.283970568481356
            ],
            [
                7.131216356702755,
                11.287072593123218
            ],
            [
                7.13254709395549,
                11.289463004370656
            ],
            [
                7.133850799870396,
                11.291244252076837
            ],
            [
                7.135107074438162,
                11.292518786094934
            ],
            [
                7.136295517649469,
                11.293389056278132
            ],
            [
                7.137395729495006,
                11.293957512479597
            ],
            [
                7.138387771035454,
                11.294325576019167
            ],
            [
                7.139269627427586,
                11.294554683982843
            ],
            [
                7.140062567862981,
                11.294654332522697
            ],
            [
                7.140789417644447,
                11.294630546490735
            ],
            [
                7.141473002074799,
                11.294489350738976
            ],
            [
                7.142136146456847,
                11.294236770119433
            ],
            [
                7.142801676093399,
                11.293878829484118
            ],
            [
                7.143492416287277,
                11.293421553685056
            ],
            [
                7.144240861782597,
                11.292838294624913
            ],
            [
                7.145224190815805,
                11.291613520075558
            ],
            [
                7.146730959262214,
                11.28885535383686
            ],
            [
                7.149052588016792,
                11.283662238834806
            ],
            [
                7.152480497974502,
                11.27513261799539
            ],
            [
                7.157306110030315,
                11.262364934244605
            ],
            [
                7.163820845079195,
                11.244457630508437
            ],
            [
                7.17231612401611,
                11.220509149712889
            ],
            [
                7.183103275348354,
                11.184219864466819
            ],
            [
                7.196640757280617,
                11.089395033941669
            ],
            [
                7.2134529719834335,
                10.871958809383411
            ],
            [
                7.234064632683779,
                10.467750997189318
            ],
            [
                7.25900045260863,
                9.812611403756657
            ],
            [
                7.288785144984967,
                8.842379835482705
            ],
            [
                7.323943423039763,
                7.492896098764726
            ],
            [
                7.364999999999999,
                5.7
            ]
