{
    "metadata": {
        "map_name": "env_map_config_024",
        "num_segments": 4,
        "samples_per_segment": 50
    },
    "path_segments": [
        [
            [
                1.785,
                6.375
            ],
            [
                1.8002056625313214,
                7.189968673731736
            ],
            [
                1.8085630938622832,
                7.861835905369175
            ],
            [
                1.8116623509973235,
                8.406206487903203
            ],
            [
                1.811093490940882,
                8.838685214324707
            ],
            [
                1.8084465706973958,
                9.174876877624568
            ],
            [
                1.8053116472713044,
                9.43038627079368
            ],
            [
                1.8032787776670451,
                9.620818186822914
            ],
            [
                1.8039380188890577,
                9.761777418703165
            ],
            [
                1.8088794279417795,
                9.868868759425318
            ],
            [
                1.8196911494592765,
                9.957675736703674
            ],
            [
                1.8375559055567285,
                10.039273639618415
            ],
            [
                1.8627518671633052,
                10.11467928142921
            ],
            [
                1.8954348135043617,
                10.183548497694867
            ],
            [
                1.9357605238052538,
                10.245537123974183
            ],
            [
                1.9838847772913346,
                10.300300995825962
            ],
            [
                2.0399633531879604,
                10.34749594880901
            ],
            [
                2.104152030720488,
                10.386777818482134
            ],
            [
                2.176606589114269,
                10.417802440404127
            ],
            [
                2.257482807594661,
                10.440225650133803
            ],
            [
                2.346922086820789,
                10.453710587677394
            ],
            [
                2.4445068606896667,
                10.458204353435502
            ],
            [
                2.549093445503785,
                10.454022922404564
            ],
            [
                2.6594896299046185,
                10.44150692209115
            ],
            [
                2.7745032025336407,
                10.420996980001831
            ],
            [
                2.8929419520323245,
                10.392833723643166
            ],
            [
                3.013613667042145,
                10.357357780521735
            ],
            [
                3.1353261362045757,
                10.314909778144095
            ],
            [
                3.256887148161088,
                10.265830344016816
            ],
            [
                3.377104491553159,
                10.210460105646472
            ],
            [
                3.4949076149885956,
                10.149120179208229
            ],
            [
                3.6110463606455636,
                10.08183973354829
            ],
            [
                3.7276719132774314,
                10.008423195880896
            ],
            [
                3.846971505034997,
                9.928669212285053
            ],
            [
                3.9711323680690587,
                9.842376428839772
            ],
            [
                4.102341734530415,
                9.749343491624067
            ],
            [
                4.242786836569866,
                9.649369046716945
            ],
            [
                4.3946549063382125,
                9.542251740197422
            ],
            [
                4.560133175986252,
                9.427790218144505
            ],
            [
                4.741408877664782,
                9.305783126637206
            ],
            [
                4.940220877565899,
                9.176099064632556
            ],
            [
                5.1549943372181675,
                9.03912362657676
            ],
            [
                5.382669205911944,
                8.895474125824467
            ],
            [
                5.620178427219485,
                8.745768968744054
            ],
            [
                5.864454944713041,
                8.590626561703894
            ],
            [
                6.112431701964871,
                8.430665311072362
            ],
            [
                6.361041642547228,
                8.266503623217831
            ],
            [
                6.607217710032364,
                8.098759904508679
            ],
            [
                6.8478928479925365,
                7.928052561313276
            ],
            [
                7.08,
                7.755
            ]
        ],
        [
            [
                7.08,
                7.755
            ],
            [
                7.116392291016873,
                7.653816717811254
            ],
            [
                7.14588541488606,
                7.57070166520145
            ],
            [
                7.169238186555174,
                7.503716529695975
            ],
            [
                7.187209420971834,
                7.450922998820217
            ],
            [
                7.200557933083647,
                7.41038276009956
            ],
            [
                7.210042537838235,
                7.380157501059394
            ],
            [
                7.216422050183204,
                7.358308909225099
            ],
            [
                7.220455285066177,
                7.342898672122066
            ],
            [
                7.222901057434764,
                7.331988477275681
            ],
            [
                7.224517201344734,
                7.323641474854633
            ],
            [
                7.225853601781029,
                7.316230895408856
            ],
            [
                7.22699618188659,
                7.308821799772837
            ],
            [
                7.227968087726368,
                7.300572857952757
            ],
            [
                7.228792465365325,
                7.290642739954795
            ],
            [
                7.229492460868407,
                7.278190115785128
            ],
            [
                7.230091220300571,
                7.262373655449938
            ],
            [
                7.230611889726776,
                7.242352028955411
            ],
            [
                7.231077615211971,
                7.217283906307718
            ],
            [
                7.231511542821116,
                7.186327957513045
            ],
            [
                7.231936521716057,
                7.148666798982634
            ],
            [
                7.232363858950674,
                7.104413963624668
            ],
            [
                7.232789867972321,
                7.054892277803147
            ],
            [
                7.233209860180395,
                7.001505386999166
            ],
            [
                7.233619146974292,
                6.9456569366938234
            ],
            [
                7.234013039753412,
                6.8887505723682185
            ],
            [
                7.234386849917151,
                6.832189939503451
            ],
            [
                7.2347358888649085,
                6.777378683580616
            ],
            [
                7.235055467996077,
                6.72572045008081
            ],
            [
                7.235340898710059,
                6.678618884485134
            ],
