{
    "metadata": {
        "map_name": "env_map_config_004",
        "num_segments": 2,
        "samples_per_segment": 40
    },
    "path_segments": [
        [
            [
                5.7299999999999995,
                4.8
            ],
            [
                5.746157843304422,
                4.760422961812701
            ],
            [
                5.768526892046024,
                4.71331800279982
            ],
            [
                5.795263193103545,
                4.661366685123077
            ],
            [
                5.824522793355728,
                4.6072505709442
            ],
            [
                5.854461739681308,
                4.553651222424903
            ],
            [
                5.88323607895903,
                4.503250201726913
            ],
            [
                5.909001858067631,
                4.458729071011951
            ],
            [
                5.929919082810105,
                4.422762576751543
            ],
            [
                5.9449870509311795,
                4.396580539095957
            ],
            [
                5.955077631347457,
                4.378188956733401
            ],
            [
                5.961316064127772,
                4.365157624179631
            ],
            [
                5.964827589340949,
                4.355056335950399
            ],
            [
                5.966737447055819,
                4.34545488656146
            ],
            [
                5.968170877341209,
                4.333923070528568
            ],
            [
                5.970253120265951,
                4.318030682367478
            ],
            [
                5.974095306609084,
                4.295388524680289
            ],
            [
                5.980260068509204,
                4.265201589425885
            ],
            [
                5.988597518970694,
                4.22874577692372
            ],
            [
                5.998910152144905,
                4.1874353897846746
            ],
            [
                6.011000462183192,
                4.142684730619627
            ],
            [
                6.024670943236904,
                4.09590810203946
            ],
            [
                6.039724089457392,
                4.04851980665505
            ],
            [
                6.0559623949960155,
                4.001934147077281
            ],
            [
                6.0730436029388075,
                3.957391795167021
            ],
            [
                6.088459551542734,
                3.9135353923035283
            ],
            [
                6.098034761238406,
                3.867007610856694
            ],
            [
                6.0975508632519,
                3.8143996770482627
            ],
            [
                6.082789488809287,
                3.752302817099975
            ],
            [
                6.04953226913665,
                3.677308257233577
            ],
            [
                5.993560835460059,
                3.58600722367081
            ],
            [
                5.910656819005592,
                3.474990942633416
            ],
            [
                5.798391067994084,
                3.3468245142850632
            ],
            [
                5.667557862498291,
                3.248223700891478
            ],
            [
                5.534878263886113,
                3.2456927221510163
            ],
            [
                5.417101290040994,
                3.4058291395423743
            ],
            [
                5.330975958846378,
                3.7952305145442526
            ],
            [
                5.29325128818571,
                4.48049440863535
            ],
            [
                5.320676295942436,
                5.528218383294366
            ],
            [
                5.43,
                7.005
            ]
        ],
        [
            [
                5.43,
                7.005
            ],
            [
                5.353013013314877,
                7.329413092864157
            ],
            [
                5.243949843970165,
                7.592360022066391
            ],
            [
                5.109460328156095,
                7.795197503685728
            ],
            [
                4.956194302062903,
                7.93928225380121
            ],
            [
                4.7908016018808155,
                8.025970988491862
            ],
            [
                4.619932063800069,
                8.056620423836723
            ],
            [
                4.450235524010894,
                8.032587275914823
            ],
            [
                4.288352788074929,
                7.955239225453919
            ],
            [
                4.139010168291846,
                7.828268458711531
            ],
            [
                4.002662489636273,
                7.660553440792226
            ],
            [
                3.879186616852813,
                7.461674374318997
            ],
            [
                3.7684594146860655,
                7.2412114619148324
            ],
            [
                3.670357747880635,
                7.008744906202723
            ],
            [
                3.584758481181121,
                6.773854909805656
            ],
            [
                3.5115384793321267,
                6.546121675346625
            ],
            [
                3.450565929102129,
                6.335005140658321
            ],
            [
                3.4013716609378206,
                6.145289949850682
            ],
            [
                3.3630482674916773,
                5.975687375123702
            ],
            [
                3.3346590532467566,
                5.82450279501012
            ],
            [
                3.31526732268612,
                5.690041588042683
            ],
            [
                3.303936380292826,
                5.5706091327541305
            ],
            [
                3.299729530549932,
                5.464510807677207
            ],
            [
                3.301710077940502,
                5.370051991344657
            ],
            [
                3.3089427928716044,
                5.2855968606486305
            ],
            [
                3.3205143803170603,
                5.210389390155449
            ],
            [
                3.335528430523597,
                5.144350824423168
            ],
            [
                3.3530889680857987,
                5.087419829745974
            ],
            [
                3.3723000175982514,
                5.039535072418042
            ],
            [
                3.3922656036555403,
                5.00063521873356
            ],
            [
                3.4120897508522496,
                4.970658934986707
            ],
            [
                3.430876483782966,
                4.949544887471665
            ],
            [
                3.44798735652456,
                4.936900178735959
            ],
            [
                3.464687226983935,
                4.929881448011985
            ],
            [
                3.4830940194780697,
                4.924547029621341
            ],
            [
                3.5053296822221016,
                4.916950077202081
            ],
            [
                3.533516163431172,
                4.903143744392261
            ],
            [
                3.569775411320418,
                4.879181184829937
            ],
            [
                3.6162293741049814,
                4.841115552153164
            ],
            [
                3.675,
                4.785
            ]
        ]
    ]
}